slug,provider,offer,actionButtons,planName,planType,historicalData,apiType,technology,accessPrice,queryPrice,starred,trial,availableApis,limitations,securityImprovements,monitoringAndAnalytics,regions,additionalFeatures,address,tag,uptimeSla,verifiedUptime,blocksBehindSla,verifiedBlocksBehindAvg,bandwidthSla,verifiedLatency,supportSla
1rpc-developer-recent-state,1rpc,,"[""[Buy](https://www.1rpc.io/#pricing)"",""[Docs](https://docs.1rpc.io/)""]",Developer,Tiered,Pruned,RPC,EVM JSON-RPC,"$29.90/mo (monthly plan), $24.99/mo (yearly plan)",$0,FALSE,FALSE,"[""eth"",""web3"",""net""]","[""100K protected reqs/day""]","[""Privacy Protected Relays"", ""Transaction Sanitizers""]","[""Real-time monitoring"",""Usage analytics"",""Advanced analytics"",""Customizable alerting and reporting"",""Transaction sanitizers""]","[""Global""]",,,,99.90%,NULL,NULL,NULL,NULL,NULL,
1rpc-enterprise-recent-state,1rpc,,"[""[Contact](https://www.1rpc.io/#pricing)"",""[Docs](https://docs.1rpc.io/)""]",,Enterprise,Pruned,RPC,EVM JSON-RPC,Custom,Custom,FALSE,FALSE,"[""eth"",""web3"",""net""]","[""custom limits""]","[""Privacy Protected Relays"", ""Transaction Sanitizers""]","[""Real-time monitoring"",""Usage analytics"",""Advanced analytics"",""Customizable alerting and reporting"",""Transaction sanitizers""]","[""Global""]",,,,99.99%,NULL,NULL,NULL,NULL,NULL,
1rpc-personal-recent-state,1rpc,,"[""[Buy](https://www.1rpc.io/#pricing)"",""[Docs](https://docs.1rpc.io/)""]",Personal,Tiered,Pruned,RPC,EVM JSON-RPC,"$9.90/mo (monthly plan), $8.33/mo (yearly plan)",$0,FALSE,FALSE,"[""eth"",""web3"",""net""]","[""40K protected reqs/day""]","[""Privacy Protected Relays"", ""Transaction Sanitizers""]","[""Real-time monitoring"",""Usage analytics"",""Advanced analytics"",""Customizable alerting and reporting"",""Transaction sanitizers""]","[""Global""]",,,,99.90%,NULL,NULL,NULL,NULL,NULL,
1rpc-public-recent-state,1rpc,,"[""[Website](https://1rpc.io)"",""[Docs](https://docs.1rpc.io/)""]",,Public,Pruned,RPC,EVM JSON-RPC,$0,$0,FALSE,FALSE,"[""eth"",""web3"",""net""]","[""10K protected reqs/day""]","[""Privacy Protected Relays""]","[""Real-time monitoring"",""Usage analytics"",""Advanced analytics"",""Customizable alerting and reporting"",""Transaction sanitizers""]","[""Global""]",,,,,NULL,NULL,NULL,NULL,NULL,
1rpc-starter-recent-state,1rpc,,"[""[Website](https://1rpc.io)"",""[Docs](https://docs.1rpc.io/)""]",Starter,Free,Pruned,RPC,EVM JSON-RPC,$0,$0,FALSE,FALSE,"[""eth"",""web3"",""net""]","[""20K protected reqs/day""]","[""Privacy Protected Relays"", ""Transaction Sanitizers""]","[""Real-time monitoring"",""Usage analytics"",""Advanced analytics"",""Customizable alerting and reporting"",""Transaction sanitizers""]","[""Global""]",,,,99.90%,NULL,NULL,NULL,NULL,NULL,
alchemy-enterprise-full-archive,Alchemy,,"[""[Contact](https://www.alchemy.com/contact-sales)"",""[Docs](https://www.alchemy.com/docs)""]",,Enterprise,Archive,RPC,EVM JSON-RPC,Custom,Custom pricing,FALSE,FALSE,"[""eth"",""web3"",""net"",""debug"",""trace"",""nft"",""transfer"",""tokens"",""node""]","[""custom limits""]","[""TX simulation"",""DDoS Protection"",""IP Protection"",""Dedicated infrastructure""]","[""Usage analytics"",""Advanced analytics"",""Custom dashboards"",""Engineering support""]","[""Global""]",,,,99.99%,NULL,NULL,NULL,NULL,NULL,
alchemy-enterprise-recent-state,Alchemy,,"[""[Contact](https://www.alchemy.com/contact-sales)"",""[Docs](https://www.alchemy.com/docs)""]",,Enterprise,Pruned,RPC,EVM JSON-RPC,Custom,Custom pricing,FALSE,FALSE,"[""eth"",""web3"",""net"",""debug"",""trace"",""nft"",""transfer"",""tokens"",""node""]","[""custom limits""]","[""TX simulation"",""DDoS Protection"",""IP Protection"",""Dedicated infrastructure""]","[""Usage analytics"",""Advanced analytics"",""Custom dashboards"",""Engineering support""]","[""Global""]",,,,99.99%,NULL,NULL,NULL,NULL,NULL,
alchemy-free-full-archive,Alchemy,,"[""[Website](https://www.alchemy.com)"",""[Docs](https://www.alchemy.com/docs)""]",,Free,Archive,RPC,EVM JSON-RPC,$0,$0/1M request,FALSE,FALSE,"[""eth"",""web3"",""net"",""debug"",""trace"",""nft"",""transfer"",""tokens"",""node""]","[""25 reqs/sec"",""30M CU/mo""]","[""TX simulation"",""DDoS Protection"",""IP Protection""]","[""Basic monitoring"",""Usage analytics""]","[""Global""]",,,,,NULL,NULL,NULL,NULL,NULL,
alchemy-free-recent-state,Alchemy,,"[""[Website](https://www.alchemy.com)"",""[Docs](https://www.alchemy.com/docs)""]",,Free,Pruned,RPC,EVM JSON-RPC,$0,$0/1M request,FALSE,FALSE,"[""eth"",""web3"",""net"",""debug"",""trace"",""nft"",""transfer"",""tokens"",""node""]","[""25 reqs/sec"",""30M CU/mo""]","[""TX simulation"",""DDoS Protection"",""IP Protection""]","[""Basic monitoring"",""Usage analytics""]","[""Global""]",,,,,NULL,NULL,NULL,NULL,NULL,
alchemy-pay-as-you-go-full-archive,Alchemy,,"[""[Buy](https://www.alchemy.com/pricing)"",""[Docs](https://www.alchemy.com/docs)""]",,Pay-as-you-go,Archive,RPC,EVM JSON-RPC,$5/$45/$215/$415/$815/$2K,$0.40/$0.45/1M CUs,FALSE,FALSE,"[""eth"",""web3"",""net"",""debug"",""trace"",""nft"",""transfer"",""tokens"",""node""]","[""300 req/sec""]","[""TX simulation"",""DDoS Protection"",""IP Protection"",""SAML SSO""]","[""Usage analytics"",""Custom alerts"",""Reporting"",""Custom monitoring"",""Advanced analytics""]","[""Global""]",,,,99.99%,NULL,NULL,NULL,NULL,NULL,
alchemy-pay-as-you-go-recent-state,Alchemy,,"[""[Buy](https://www.alchemy.com/pricing)"",""[Docs](https://www.alchemy.com/docs)""]",,Pay-as-you-go,Pruned,RPC,EVM JSON-RPC,$5/$45/$215/$415/$815/$2K,$0.40/$0.45/1M CUs,FALSE,FALSE,"[""eth"",""web3"",""net"",""debug"",""trace"",""nft"",""transfer"",""tokens"",""node""]","[""300 req/sec""]","[""TX simulation"",""DDoS Protection"",""IP Protection"",""SAML SSO""]","[""Usage analytics"",""Custom alerts"",""Reporting"",""Custom monitoring"",""Advanced analytics""]","[""Global""]",,,,99.99%,NULL,NULL,NULL,NULL,NULL,
algorand-indexer,Algorand,,"[""[Website](https://dev.algorand.co/nodes/installation/indexer-installation/#_top)"",""[Docs](https://developer.algorand.org/docs/get-details/indexer/)""]",,Free,Archive,Indexed Data,Algorand Indexer,$0,$0(self-hosted open-source),FALSE,FALSE,"[""REST API""]",,"[""Secure API keys"",""Encrypted endpoints""]","[""Real-time logging with SDKs""]","[""Global""]","[""Network agnostic (supports MainNet/TestNet/BetaNet)"",""Efficient data retrieval"",""Requires a separate binary download""]",null,,,,,,,,
allthatnode-business-full-archive,AllThatNode,,"[""[Contact](https://www.allthatnode.com/pricing.dsrv)"",""[Docs](https://docs.allthatnode.com/docs/welcome-to-all-that-node)""]",Business,Enterprise,Archive,RPC,EVM JSON-RPC,Custom,Custom pricing,FALSE,FALSE,"[""eth"",""net"",""web3"",""debug"",""trace"",""websocket""]","[""custom limits"",""unlimited throughput limit""]","[""IP Whitelisting"",""JWT Authentication"",""Smart Contract Address Restrictions"",""Front-Running Protection"",""Comprehensive Analytics Dashboard""]","[""Advanced analytics"",""Custom dashboards"",""Engineering support""]","[""Global""]",null,,,99.99%,NULL,NULL,NULL,NULL,NULL,
allthatnode-business-recent-state,AllThatNode,,"[""[Contact](https://www.allthatnode.com/pricing.dsrv)"",""[Docs](https://docs.allthatnode.com/docs/welcome-to-all-that-node)""]",Business,Enterprise,Pruned,RPC,EVM JSON-RPC,Custom,Custom pricing,FALSE,FALSE,"[""eth"",""net"",""web3"",""debug"",""trace"",""websocket""]","[""custom limits"",""unlimited throughput limit""]","[""IP Whitelisting"",""JWT Authentication"",""Smart Contract Address Restrictions"",""Front-Running Protection"",""Comprehensive Analytics Dashboard""]","[""Advanced analytics"",""Custom dashboards"",""Engineering support""]","[""Global""]",null,,,99.99%,NULL,NULL,NULL,NULL,NULL,
allthatnode-dedicated-full-archive,AllThatNode,,"[""[Contact](https://www.allthatnode.com/pricing.dsrv)"",""[Docs](https://docs.allthatnode.com/docs/welcome-to-all-that-node)""]",,Dedicated,Archive,RPC,EVM JSON-RPC,Custom,Custom pricing,FALSE,FALSE,"[""eth"",""net"",""web3"",""debug"",""trace"",""websocket""]","[""custom limits"",""unlimited throughput limit""]","[""IP Whitelisting"",""JWT Authentication"",""Smart Contract Address Restrictions"",""Front-Running Protection"",""Comprehensive Analytics Dashboard""]","[""Advanced analytics"",""Custom dashboards"",""Engineering support""]","[""Global""]",null,,,Custom,NULL,NULL,NULL,NULL,NULL,
allthatnode-dedicated-recent-state,AllThatNode,,"[""[Contact](https://www.allthatnode.com/pricing.dsrv)"",""[Docs](https://docs.allthatnode.com/docs/welcome-to-all-that-node)""]",,Dedicated,Pruned,RPC,EVM JSON-RPC,Custom,Custom pricing,FALSE,FALSE,"[""eth"",""net"",""web3"",""debug"",""trace"",""websocket""]","[""custom limits"",""unlimited throughput limit""]","[""IP Whitelisting"",""JWT Authentication"",""Smart Contract Address Restrictions"",""Front-Running Protection"",""Comprehensive Analytics Dashboard""]","[""Advanced analytics"",""Custom dashboards"",""Engineering support""]","[""Global""]",null,,,Custom,NULL,NULL,NULL,NULL,NULL,
allthatnode-free-full-archive,AllThatNode,,"[""[Website](https://www.allthatnode.com)"",""[Docs](https://docs.allthatnode.com/docs/welcome-to-all-that-node)""]",,Free,Archive,RPC,EVM JSON-RPC,$0,$0/1M request,FALSE,FALSE,"[""eth"",""web3"",""net""]","[""500K CU/day"",""150 Cups throughput limit""]","[""IP Whitelisting"",""JWT Authentication"",""Smart Contract Address Restrictions"",""Front-Running Protection"",""Comprehensive Analytics Dashboard""]","[""Basic monitoring"",""Usage analytics""]","[""Global""]",null,,,99.99%,NULL,NULL,NULL,NULL,NULL,
allthatnode-free-recent-state,AllThatNode,,"[""[Website](https://www.allthatnode.com)"",""[Docs](https://docs.allthatnode.com/docs/welcome-to-all-that-node)""]",,Free,Pruned,RPC,EVM JSON-RPC,$0,$0/1M request,FALSE,FALSE,"[""eth"",""web3"",""net""]","[""500K CU/day"",""150 Cups throughput limit""]","[""IP Whitelisting"",""JWT Authentication"",""Smart Contract Address Restrictions"",""Front-Running Protection"",""Comprehensive Analytics Dashboard""]","[""Basic monitoring"",""Usage analytics""]","[""Global""]",null,,,99.99%,NULL,NULL,NULL,NULL,NULL,
allthatnode-scale-full-archive,AllThatNode,,"[""[Buy](https://www.allthatnode.com/pricing.dsrv)"",""[Docs](https://docs.allthatnode.com/docs/welcome-to-all-that-node)""]",Scale,Tiered,Archive,RPC,EVM JSON-RPC,"$139/mo, $1389/yearly",$0.56 per 1M CUs,FALSE,FALSE,"[""eth"",""net"",""web3"",""debug"",""trace"",""websocket""]","[""10M CU/day"",""2K CUps throughput limit""]","[""IP Whitelisting"",""JWT Authentication"",""Smart Contract Address Restrictions"",""Front-Running Protection"",""Comprehensive Analytics Dashboard""]","[""Usage analytics"",""Custom alerts"",""Reporting""]","[""Global""]",null,,,99.99%,NULL,NULL,NULL,NULL,NULL,
allthatnode-scale-recent-state,AllThatNode,,"[""[Buy](https://www.allthatnode.com/pricing.dsrv)"",""[Docs](https://docs.allthatnode.com/docs/welcome-to-all-that-node)""]",Scale,Tiered,Pruned,RPC,EVM JSON-RPC,"$139/mo, $1389/yearly",$0.56 per 1M CUs,FALSE,FALSE,"[""eth"",""net"",""web3"",""debug"",""trace"",""websocket""]","[""10M CU/day"",""2K CUps throughput limit""]","[""IP Whitelisting"",""JWT Authentication"",""Smart Contract Address Restrictions"",""Front-Running Protection"",""Comprehensive Analytics Dashboard""]","[""Usage analytics"",""Custom alerts"",""Reporting""]","[""Global""]",null,,,99.99%,NULL,NULL,NULL,NULL,NULL,
allthatnode-starter-full-archive,AllThatNode,,"[""[Buy](https://www.allthatnode.com/pricing.dsrv)"",""[Docs](https://docs.allthatnode.com/docs/welcome-to-all-that-node)""]",Starter,Tiered,Archive,RPC,EVM JSON-RPC,"$29/mo, $289/yearly",$0.58 per 1M CUs,FALSE,FALSE,"[""eth"",""net"",""web3"",""debug"",""trace"",""websocket""]","[""2M CU/day"",""500 CUps throughput limit""]","[""IP Whitelisting"",""JWT Authentication"",""Smart Contract Address Restrictions"",""Front-Running Protection"",""Comprehensive Analytics Dashboard""]","[""Usage analytics"",""Custom alerts"",""Reporting""]","[""Global""]",null,,,99.99%,NULL,NULL,NULL,NULL,NULL,
allthatnode-starter-recent-state,AllThatNode,,"[""[Buy](https://www.allthatnode.com/pricing.dsrv)"",""[Docs](https://docs.allthatnode.com/docs/welcome-to-all-that-node)""]",Starter,Tiered,Pruned,RPC,EVM JSON-RPC,"$29/mo, $289/yearly",$0.58 per 1M CUs,FALSE,FALSE,"[""eth"",""net"",""web3"",""debug"",""trace"",""websocket""]","[""2M CU/day"",""500 CUps throughput limit""]","[""IP Whitelisting"",""JWT Authentication"",""Smart Contract Address Restrictions"",""Front-Running Protection"",""Comprehensive Analytics Dashboard""]","[""Usage analytics"",""Custom alerts"",""Reporting""]","[""Global""]",null,,,99.99%,NULL,NULL,NULL,NULL,NULL,
ankr-enterprise-full-archive,Ankr,,"[""[Contact](https://www.ankr.com/rpc/?utm_referral=t26yw96jZJ)"",""[Docs](https://www.ankr.com/docs/rpc-service/chains/chains-list/)""]",,Enterprise,Archive,RPC,EVM JSON-RPC,Custom,custom,FALSE,FALSE,"[""Advanced ANKR API"",""[eth](https://www.ankr.com/docs/rpc-service/chains/chains-list/)"",""[debug](https://www.ankr.com/docs/rpc-service/chains/chains-list/)"",""[web3](https://www.ankr.com/docs/rpc-service/chains/chains-list/)""]","[""custom limits""]","[""DDoS Protection"",""IP Protection"",""Domain name protection"",""Custom rate limiting"",""Error tracing""]","[""Usage analytics"",""Custom monitoring"", ""Engineering team support""]","[""Global""]",,,,,NULL,NULL,NULL,NULL,NULL,
ankr-enterprise-recent-state,Ankr,,"[""[Contact](https://www.ankr.com/rpc/?utm_referral=t26yw96jZJ)"",""[Docs](https://www.ankr.com/docs/rpc-service/chains/chains-list/)""]",,Enterprise,Pruned,RPC,EVM JSON-RPC,Custom,custom,FALSE,FALSE,"[""Advanced ANKR API"",""[eth](https://www.ankr.com/docs/rpc-service/chains/chains-list/)"",""[debug](https://www.ankr.com/docs/rpc-service/chains/chains-list/)"",""[web3](https://www.ankr.com/docs/rpc-service/chains/chains-list/)""]","[""custom limits""]","[""DDoS Protection"",""IP Protection"",""Domain name protection"",""Custom rate limiting"",""Error tracing""]","[""Usage analytics"",""Custom monitoring"", ""Engineering team support""]","[""Global""]",,,,,NULL,NULL,NULL,NULL,NULL,
ankr-free-full-archive,Ankr,,"[""[Website](https://www.ankr.com/rpc/?utm_referral=t26yw96jZJ)"",""[Docs](https://www.ankr.com/docs/rpc-service/chains/chains-list/)""]",,Free,Archive,RPC,EVM JSON-RPC,$0,$0,FALSE,FALSE,"[""Advanced ANKR API"",""[eth](https://www.ankr.com/docs/rpc-service/chains/chains-list/)"",""[debug](https://www.ankr.com/docs/rpc-service/chains/chains-list/)"",""[web3](https://www.ankr.com/docs/rpc-service/chains/chains-list/)""]","[""free 200M API credits/mo"",""30 reqs/sec (node API)"",""30 reqs/min (advanced API)"",""1 project (personal API tokens)""]","[""DDoS Protection"",""IP Protection"",""Domain name protection"",""Custom rate limiting"",""Method Limiting"",""Error tracing"",""Contract addresses protection""]","[""Usage analytics"", ""Community support""]","[""Global""]",,,,,NULL,NULL,NULL,NULL,NULL,
ankr-free-recent-state,Ankr,,"[""[Website](https://www.ankr.com/rpc/?utm_referral=t26yw96jZJ)"",""[Docs](https://www.ankr.com/docs/rpc-service/chains/chains-list/)""]",,Free,Pruned,RPC,EVM JSON-RPC,$0,$0,FALSE,FALSE,"[""Advanced ANKR API"",""[eth](https://www.ankr.com/docs/rpc-service/chains/chains-list/)"",""[debug](https://www.ankr.com/docs/rpc-service/chains/chains-list/)"",""[web3](https://www.ankr.com/docs/rpc-service/chains/chains-list/)""]","[""free 200M API credits/mo"",""30 reqs/sec (node API)"",""30 reqs/min (advanced API)"",""1 project (personal API tokens)""]","[""DDoS Protection"",""IP Protection"",""Domain name protection"",""Custom rate limiting"",""Method Limiting"",""Error tracing"",""Contract addresses protection""]","[""Usage analytics"", ""Community support""]","[""Global""]",,,,,NULL,NULL,NULL,NULL,NULL,
ankr-pay-as-you-go-full-archive,Ankr,,"[""[Buy](https://www.ankr.com/rpc/?utm_referral=t26yw96jZJ)"",""[Docs](https://www.ankr.com/docs/rpc-service/chains/chains-list/#ethereum)""]",,Pay-as-you-go,Archive,RPC,EVM JSON-RPC,up to $10(payg plan)/$500-$3K(deal plan),$20(evm compatible API)/$50(solana API)/$70(beacon chains API)/$10(other API)/$70(advanced API) per 1M reqs,FALSE,FALSE,"[""Advanced ANKR API"",""[eth](https://www.ankr.com/docs/rpc-service/chains/chains-list/)"",""[debug](https://www.ankr.com/docs/rpc-service/chains/chains-list/)"",""[web3](https://www.ankr.com/docs/rpc-service/chains/chains-list/)"", ""debug"", ""trace""]","[""1.5K reqs/sec (node API)"",""1K reqs/min (advanced API)"",""3 projects (personal API tokens)""]","[""DDoS Protection"", ""IP Protection"", ""Privacy preserving""]","[""Usage analytics"",""Custom monitoring"", ""Support portal""]","[""Global""]",,,,Custom SLA,NULL,NULL,NULL,NULL,NULL,
ankr-pay-as-you-go-recent-state,Ankr,,"[""[Buy](https://www.ankr.com/rpc/?utm_referral=t26yw96jZJ)"",""[Docs](https://www.ankr.com/docs/rpc-service/chains/chains-list/)""]",,Pay-as-you-go,Pruned,RPC,EVM JSON-RPC,up to $10(payg plan)/$500-$3K(deal plan),$0.02(evm compatible API)/$0.05(solana API)/$0.07(beacon chains API)/$0.01(other API)/$0.07(advanced API) per 1K reqs,FALSE,FALSE,"[""Advanced ANKR API"",""[eth](https://www.ankr.com/docs/rpc-service/chains/chains-list/)"",""[debug](https://www.ankr.com/docs/rpc-service/chains/chains-list/)"",""[web3](https://www.ankr.com/docs/rpc-service/chains/chains-list/)""]","[""1.5K reqs/sec (node API)"",""1K reqs/min (advanced API)"",""3 projects (personal API tokens)""]","[""DDoS Protection"",""IP Protection"",""Domain name protection"",""Custom rate limiting"",""Error tracing""]","[""Usage analytics"",""Custom monitoring"", ""Support portal""]","[""Global""]",,,,,NULL,NULL,NULL,NULL,NULL,
ankr-public-full-archive,Ankr,,"[""[Website](https://www.ankr.com/rpc/?utm_referral=t26yw96jZJ)"",""[Docs](https://www.ankr.com/docs/rpc-service/chains/chains-list/)""]",,Public,Archive,RPC,EVM JSON-RPC,$0,$0,FALSE,FALSE,"[""Advanced ANKR API"",""[eth](https://www.ankr.com/docs/rpc-service/chains/chains-list/)"",""[debug](https://www.ankr.com/docs/rpc-service/chains/chains-list/)"",""[web3](https://www.ankr.com/docs/rpc-service/chains/chains-list/)""]",,"[""DDoS Protection"",""IP Protection"",""Domain name protection"",""Custom rate limiting"",""Method Limiting"",""Error tracing"",""Contract addresses protection""]","[""Usage analytics"", ""Community support""]","[""Global""]",,,,,NULL,NULL,NULL,NULL,NULL,
astar-free-recent-state,Astar,,"[""[Website](https://astar.network)"",""[Docs](https://docs.astar.network)""]",,Free,Pruned,RPC,EVM JSON-RPC,$0,$0,FALSE,FALSE,"[""eth"",""web3"",""net"",""substrate""]","[""limited when overused"",""not for production""]",,,,,,,,NULL,,NULL,,NULL,
berachain-public-rpc,Berachain,Public RPC,"[""[Docs](https://docs.berachain.com/general/introduction/connect-to-berachain)""]",,Public,Pruned,RPC,EVM JSON-RPC,$0,$0,FALSE,FALSE,"[""eth"",""net"",""web3""]",,"[""DDoS Protection""]",,"[""Global""]",,,,,NULL,NULL,NULL,NULL,NULL,
bitquery-commercial-indexer,Bitquery,,"[""[Website](https://bitquery.io/)"",""[Docs](https://docs.bitquery.io/)""]",Commercial,Enterprise,Archive,Indexed Data,Custom,Custom,Custom,FALSE,FALSE,"[""Blockchain Data API (V1 API)"",""Bitquery Streaming API (V2 API)"",""GraphQL API""]","[""custom limits""]","[""Token-based authentication"",""Real-time validation"",""Cross-validation"",""MEV detection""]","[""Real-time monitoring"",""Real-time tracking"",""Balance checkers""]","[""US"",""Europe"",""Asia""]","[""ClickHouse OLAP for fast analytics"",""SOC 2 compliance""]",,,,NULL,NULL,NULL,NULL,NULL,
bitquery-developer-indexer,Bitquery,,"[""[Website](https://bitquery.io/)"",""[Docs](https://docs.bitquery.io/)""]",Developer,Free,Archive,Indexed Data,Custom,$0,$0,FALSE,FALSE,"[""Blockchain Data API (V1 API)"",""Bitquery Streaming API (V2 API)"",""GraphQL API""]","[""1K points"",""10 reqs/mint"",""10 rows/req"",""2 simultaneous streams for Testing purposes""]","[""Token-based authentication"",""Real-time validation"",""Cross-validation"",""MEV detection""]","[""Real-time monitoring"",""Real-time tracking"",""Balance checkers""]","[""US"",""Europe"",""Asia""]","[""ClickHouse OLAP for fast analytics"",""SOC 2 compliance""]",,,,NULL,NULL,NULL,NULL,NULL,
blockdaemon-dedicated-full-archive,Blockdaemon,,"[""[Contact](https://www.blockdaemon.com/api/pricing#form-jump)"",""[Docs](https://docs.blockdaemon.com/docs/homepage-guides)""]",,Dedicated,Archive,RPC,EVM JSON-RPC,Custom,Custom,FALSE,FALSE,"[""eth"",""web3"",""net""]","[""custom limits""]","[""DDoS Protection"",""IP Protection"",""Dedicated infrastructure""]","[""Usage analytics"",""Custom monitoring"",""Advanced analytics""]","[""Global""]",,,,,NULL,NULL,NULL,NULL,NULL,
blockdaemon-dedicated-recent-state,Blockdaemon,,"[""[Contact](https://www.blockdaemon.com/api/pricing#form-jump)"",""[Docs](https://docs.blockdaemon.com/docs/homepage-guides)""]",,Dedicated,Pruned,RPC,EVM JSON-RPC,Custom,Custom,FALSE,FALSE,"[""eth"",""web3"",""net""]","[""custom limits""]","[""DDoS Protection"",""IP Protection"",""Dedicated infrastructure""]","[""Usage analytics"",""Custom monitoring"",""Advanced analytics""]","[""Global""]",,,,NULL,NULL,NULL,NULL,NULL,NULL,
blockdaemon-enterprise-full-archive,Blockdaemon,,"[""[Contact](https://www.blockdaemon.com/api/pricing#form-jump)"",""[Docs](https://docs.blockdaemon.com/docs/homepage-guides)""]",,Enterprise,Archive,RPC,EVM JSON-RPC,Custom,Custom,FALSE,FALSE,"[""eth"",""web3"",""net""]","[""up to 400M CUs/mo"",""custom limits"",""1 Test Key"",""10 Live Keys""]","[""DDoS Protection"",""IP Protection""]","[""Usage analytics"",""Custom monitoring""]","[""South Africa"",""Asia"",""Canada Central"",""Europe"",""South America"",""US""]",,,,99.90%,NULL,NULL,NULL,NULL,NULL,
blockdaemon-enterprise-recent-state,Blockdaemon,,"[""[Contact](https://www.blockdaemon.com/api/pricing#form-jump)"",""[Docs](https://docs.blockdaemon.com/docs/homepage-guides)""]",,Enterprise,Pruned,RPC,EVM JSON-RPC,Custom,Custom,FALSE,FALSE,"[""eth"",""web3"",""net""]","[""up to 400M CUs/mo"",""custom limits"",""1 Test Key"",""10 Live Keys""]","[""DDoS Protection"",""IP Protection""]","[""Usage analytics"",""Custom monitoring""]","[""South Africa"",""Asia"",""Canada Central"",""Europe"",""South America"",""US""]",,,,99.90%,NULL,NULL,NULL,NULL,NULL,
blockdaemon-free-full-archive,Blockdaemon,,"[""[Website](https://www.blockdaemon.com/)"",""[Docs](https://docs.blockdaemon.com/docs/homepage-guides)""]",,Free,Archive,RPC,EVM JSON-RPC,$0,$0,FALSE,FALSE,"[""eth"",""web3"",""net""]","[""3M CUs/mo"",""5 RPS"",""1 Test Key""]","[""DDoS Protection"",""IP Protection""]","[""Usage analytics""]","[""South Africa"",""Asia"",""Canada Central"",""Europe"",""South America"",""US""]",,,,99.90%,NULL,NULL,NULL,NULL,NULL,
blockdaemon-free-recent-state,Blockdaemon,,"[""[Website](https://www.blockdaemon.com/)"",""[Docs](https://docs.blockdaemon.com/docs/homepage-guides)""]",,Free,Pruned,RPC,EVM JSON-RPC,$0,$0,FALSE,FALSE,"[""eth"",""web3"",""net""]","[""3M CUs/mo"",""5 RPS"",""1 Test Key""]","[""DDoS Protection"",""IP Protection""]","[""Usage analytics""]","[""South Africa"",""Asia"",""Canada Central"",""Europe"",""South America"",""US""]",,,,99.90%,NULL,NULL,NULL,NULL,NULL,
blockdaemon-growth-full-archive,Blockdaemon,,"[""[Buy](https://www.blockdaemon.com/api/pricing)"",""[Docs](https://docs.blockdaemon.com/docs/homepage-guides)""]",Growth,Tiered,Archive,RPC,EVM JSON-RPC,,$20/1M CUs,FALSE,FALSE,"[""eth"",""web3"",""net""]","[""115-365M CUs/mo"",""200 RPS"",""1 Test Key"",""10 Live Keys""]","[""DDoS Protection"",""IP Protection""]","[""Usage analytics"",""Custom monitoring""]","[""South Africa"",""Asia"",""Canada Central"",""Europe"",""South America"",""US""]",,,,,NULL,NULL,NULL,NULL,NULL,
blockdaemon-growth-recent-state,Blockdaemon,,"[""[Buy](https://www.blockdaemon.com/api/pricing)"",""[Docs](https://docs.blockdaemon.com/docs/homepage-guides)""]",Growth,Tiered,Pruned,RPC,EVM JSON-RPC,,$20/1M CUs,FALSE,FALSE,"[""eth"",""web3"",""net""]","[""115-365M CUs/mo"",""200 RPS"",""1 Test Key"",""10 Live Keys""]","[""DDoS Protection"",""IP Protection""]","[""Usage analytics"",""Custom monitoring""]","[""South Africa"",""Asia"",""Canada Central"",""Europe"",""South America"",""US""]",,,,99.90%,NULL,NULL,NULL,NULL,NULL,
blockdaemon-starter-full-archive,Blockdaemon,,"[""[Buy](https://www.blockdaemon.com/api/pricing)"",""[Docs](https://docs.blockdaemon.com/docs/homepage-guides)""]",Starter,Tiered,Archive,RPC,EVM JSON-RPC,,$42.5/1M CUs,FALSE,FALSE,"[""eth"",""web3"",""net""]","[""15-65M CUs/mo"",""100 RPS"",""1 Test Key"",""10 Live Keys""]","[""DDoS Protection"",""IP Protection""]","[""Usage analytics"",""Custom monitoring""]","[""South Africa"",""Asia"",""Canada Central"",""Europe"",""South America"",""US""]",,,,,NULL,NULL,NULL,NULL,NULL,
blockdaemon-starter-recent-state,Blockdaemon,,"[""[Buy](https://www.blockdaemon.com/api/pricing)"",""[Docs](https://docs.blockdaemon.com/docs/homepage-guides)""]",Starter,Tiered,Pruned,RPC,EVM JSON-RPC,,$42.5/1M CUs,FALSE,FALSE,"[""eth"",""web3"",""net""]","[""15-65M CUs/mo"",""100 RPS"",""1 Test Key"",""10 Live Keys""]","[""DDoS Protection"",""IP Protection""]","[""Usage analytics"",""Custom monitoring""]","[""South Africa"",""Asia"",""Canada Central"",""Europe"",""South America"",""US""]",,,,99.90%,NULL,NULL,NULL,NULL,NULL,
blockeden-basic-full-archive,BlockEden,,"[""[Buy](https://blockeden.xyz/pricing)"",""[Docs](https://blockeden.xyz/docs/intro/)""]",Basic,Tiered,Archive,RPC,EVM JSON-RPC,$19.99/mo,,FALSE,FALSE,"[""eth"",""web3"",""net""]","[""10 RPS""]","[""API Key Authentication""]","[""Usage analytics""]","[""Global""]",,,,99.99%,NULL,NULL,NULL,NULL,NULL,
blockeden-basic-recent-state,BlockEden,,"[""[Buy](https://blockeden.xyz/pricing)"",""[Docs](https://blockeden.xyz/docs/intro/)""]",Basic,Tiered,Pruned,RPC,EVM JSON-RPC,$19.99/mo,,FALSE,FALSE,"[""eth"",""web3"",""net""]","[""10 RPS""]","[""API Key Authentication""]","[""Usage analytics""]","[""Global""]",,,,99.99%,NULL,NULL,NULL,NULL,NULL,
blockeden-enterprise-50-full-archive,BlockEden,,"[""[Buy](https://blockeden.xyz/pricing)"",""[Docs](https://blockeden.xyz/docs/intro/)""]",Enterprise 50,Tiered,Archive,RPC,EVM JSON-RPC,$199.99/mo,,FALSE,FALSE,"[""eth"",""web3"",""net""]","[""50 RPS""]","[""API Key Authentication""]","[""Usage analytics""]","[""Global""]",,,,99.99%,NULL,NULL,NULL,NULL,NULL,
blockeden-enterprise-50-recent-state,BlockEden,,"[""[Buy](https://blockeden.xyz/pricing)"",""[Docs](https://blockeden.xyz/docs/intro/)""]",Enterprise 50,Tiered,Pruned,RPC,EVM JSON-RPC,$199.99/mo,,FALSE,FALSE,"[""eth"",""web3"",""net""]","[""50 RPS""]","[""API Key Authentication""]","[""Usage analytics""]","[""Global""]",,,,99.99%,NULL,NULL,NULL,NULL,NULL,
blockeden-enterprise-500-full-archive,BlockEden,,"[""[Buy](https://blockeden.xyz/pricing)"",""[Docs](https://blockeden.xyz/docs/intro/)""]",Enterprise 500,Tiered,Archive,RPC,EVM JSON-RPC,$999.99/mo,,FALSE,FALSE,"[""eth"",""web3"",""net""]","[""500 RPS""]","[""API Key Authentication""]","[""Usage analytics""]","[""Global""]",,,,99.99%,NULL,NULL,NULL,NULL,NULL,
blockeden-enterprise-500-recent-state,BlockEden,,"[""[Buy](https://blockeden.xyz/pricing)"",""[Docs](https://blockeden.xyz/docs/intro/)""]",Enterprise 500,Tiered,Pruned,RPC,EVM JSON-RPC,$999.99/mo,,FALSE,FALSE,"[""eth"",""web3"",""net""]","[""500 RPS""]","[""API Key Authentication""]","[""Usage analytics""]","[""Global""]",,,,99.99%,NULL,NULL,NULL,NULL,NULL,
blockeden-enterprise-full-archive,BlockEden,,"[""[Contact](https://t.me/mikethrift)"",""[Docs](https://blockeden.xyz/docs/intro/)""]",,Enterprise,Archive,RPC,EVM JSON-RPC,Custom,,FALSE,FALSE,"[""eth"",""web3"",""net""]","[""Custom limits""]","[""API Key Authentication"",""DDoS Protection""]","[""Advanced analytics"",""Custom monitoring""]","[""Global""]",,,,99.99%,NULL,NULL,NULL,NULL,NULL,
blockeden-enterprise-recent-state,BlockEden,,"[""[Contact](https://t.me/mikethrift)"",""[Docs](https://blockeden.xyz/docs/intro/)""]",,Enterprise,Pruned,RPC,EVM JSON-RPC,Custom,,FALSE,FALSE,"[""eth"",""web3"",""net""]","[""Custom limits""]","[""API Key Authentication"",""DDoS Protection""]","[""Advanced analytics"",""Custom monitoring""]","[""Global""]",,,,99.99%,NULL,NULL,NULL,NULL,NULL,
blockeden-free-full-archive,BlockEden,,"[""[Website](https://blockeden.xyz/pricing)"",""[Docs](https://blockeden.xyz/docs/intro/)""]",,Free,Archive,RPC,EVM JSON-RPC,$0,,FALSE,FALSE,"[""eth"",""web3"",""net""]","[""1 RPS"",""1 req/s IP Limit""]","[""API Key Authentication""]","[""Usage dashboard""]","[""Global""]",,,,99.99%,NULL,NULL,NULL,NULL,NULL,
blockeden-free-recent-state,BlockEden,,"[""[Website](https://blockeden.xyz/pricing)"",""[Docs](https://blockeden.xyz/docs/intro/)""]",,Free,Pruned,RPC,EVM JSON-RPC,$0,,FALSE,FALSE,"[""eth"",""web3"",""net""]","[""1 RPS"",""1 req/s IP Limit""]","[""API Key Authentication""]","[""Usage dashboard""]","[""Global""]",,,,99.99%,NULL,NULL,NULL,NULL,NULL,
blockeden-pro-full-archive,BlockEden,,"[""[Buy](https://blockeden.xyz/pricing)"",""[Docs](https://blockeden.xyz/docs/intro/)""]",Pro,Tiered,Archive,RPC,EVM JSON-RPC,$49.99/mo,,FALSE,FALSE,"[""eth"",""web3"",""net""]","[""10 RPS""]","[""API Key Authentication""]","[""Usage analytics""]","[""Global""]",,,,99.99%,NULL,NULL,NULL,NULL,NULL,
blockeden-pro-recent-state,BlockEden,,"[""[Buy](https://blockeden.xyz/pricing)"",""[Docs](https://blockeden.xyz/docs/intro/)""]",Pro,Tiered,Pruned,RPC,EVM JSON-RPC,$49.99/mo,,FALSE,FALSE,"[""eth"",""web3"",""net""]","[""10 RPS""]","[""API Key Authentication""]","[""Usage analytics""]","[""Global""]",,,,99.99%,NULL,NULL,NULL,NULL,NULL,
blockpi-dedicated-full-archive,BlockPi,,"[""[Website](https://blockpi.io/dedicated-node)"",""[Docs](https://docs.blockpi.io/dedicated-node)""]",,Dedicated,Archive,RPC,EVM JSON-RPC,$500 + fixed month fee,Custom,FALSE,FALSE,"[""eth"",""net"",""web3"",""debug"",""trace""]","[""custom limits""]","[""DDoS Protection"", ""IP Protection"", ""Privacy preserving""]","[""Advanced analytics via Grafana/Prometheus"",""Custom alerting (Slack/Telegram)"",""Engineering team support""]","[""Global""]",,,,,NULL,NULL,NULL,NULL,NULL,
blockpi-dedicated-recent-state,BlockPi,,"[""[Website](https://blockpi.io/dedicated-node)"",""[Docs](https://docs.blockpi.io/dedicated-node)""]",,Dedicated,Pruned,RPC,EVM JSON-RPC,$500 + fixed month fee,Custom,FALSE,FALSE,"[""eth"",""net"",""web3"",""debug"",""trace""]","[""custom limits""]",,"[""Advanced analytics via Grafana/Prometheus"",""Custom alerting (Slack/Telegram)"",""Engineering team support""]","[""Global""]",,,,NULL,NULL,NULL,NULL,NULL,NULL,
blockpi-elementary-full-archive,BlockPi,,"[""[Buy](https://blockpi.io/pricing/)"",""[Docs](https://docs.blockpi.io/pricing/pricing-and-rate-limit)""]",Elementary,Tiered,Archive,RPC,EVM JSON-RPC,$49,,FALSE,FALSE,"[""eth"",""net"",""web3"",""debug"",""trace""]","[""500M/60d + 50M/mo RUs"",""1K reqs/sec"",""40K RU/sec""]","[""DDoS Protection"", ""IP Protection"", ""Privacy preserving""]","[""Real-time dashboard metrics""]","[""Global""]",,,,99.20%,NULL,NULL,NULL,NULL,NULL,
blockpi-elementary-recent-state,BlockPi,,"[""[Buy](https://blockpi.io/pricing/)"",""[Docs](https://docs.blockpi.io/pricing/pricing-and-rate-limit)""]",Elementary,Tiered,Pruned,RPC,EVM JSON-RPC,$49,,FALSE,FALSE,"[""eth"",""net"",""web3"",""debug"",""trace""]","[""500M/60d + 50M/mo RUs"",""1K reqs/sec"",""40K RU/sec""]","[""DDoS Protection"", ""IP Protection"", ""Privacy preserving""]","[""Real-time dashboard metrics""]","[""Global""]",,,,99.20%,NULL,NULL,NULL,NULL,NULL,
blockpi-enterprise-full-archive,BlockPi,,"[""[Contact](https://blockpi.io/pricing/)"",""[Docs](https://docs.blockpi.io/)""]",,Enterprise,Archive,RPC,EVM JSON-RPC,Custom,Custom,FALSE,FALSE,"[""eth"",""net"",""web3"",""debug"",""trace""]","[""custom limits""]","[""DDoS Protection"", ""IP Protection"", ""Privacy preserving""]","[""Advanced analytics via Grafana/Prometheus"",""Custom alerting (Slack/Telegram)"",""Engineering team support""]","[""Global""]",,,,99.2%,NULL,NULL,NULL,NULL,NULL,
blockpi-enterprise-recent-state,BlockPi,,"[""[Contact](https://blockpi.io/pricing/)"",""[Docs](https://docs.blockpi.io/)""]",,Enterprise,Pruned,RPC,EVM JSON-RPC,Custom,Custom,FALSE,FALSE,"[""eth"",""net"",""web3"",""debug"",""trace""]","[""custom limits""]",,"[""Advanced analytics via Grafana/Prometheus"",""Custom alerting (Slack/Telegram)"",""Engineering team support""]","[""Global""]",,,,NULL,NULL,NULL,NULL,NULL,NULL,
blockpi-free-full-archive,BlockPi,,"[""[Website](https://blockpi.io/)"",""[Docs](https://docs.blockpi.io/)""]",,Free,Archive,RPC,EVM JSON-RPC,$0,$0,FALSE,FALSE,"[""eth"",""net"",""web3"",""debug"",""trace""]","[""50M RUs/mo"",""20 req/sec"",""400 RU/sec""]","[""DDoS Protection"", ""IP Protection"", ""Privacy preserving""]","[""Real-time dashboard metrics""]","[""Global""]",,,,99.20%,NULL,NULL,NULL,NULL,NULL,
blockpi-free-recent-state,BlockPi,,"[""[Website](https://blockpi.io/)"",""[Docs](https://docs.blockpi.io/)""]",,Free,Pruned,RPC,EVM JSON-RPC,$0,$0,FALSE,FALSE,"[""eth"",""net"",""web3"",""debug"",""trace""]","[""50M RUs/mo"",""20 req/sec"",""400 RU/sec""]",,"[""Real-time dashboard metrics""]","[""Global""]",,,,NULL,NULL,NULL,NULL,NULL,NULL,
blockpi-pay-as-you-go-full-archive,BlockPi,,"[""[Buy](https://blockpi.io/pricing/)"",""[Docs](https://docs.blockpi.io/pricing/pricing-and-rate-limit)""]",,Pay-as-you-go,Archive,RPC,EVM JSON-RPC,$0.01/50K RU,$0.2/1M RU,FALSE,FALSE,"[""eth"",""net"",""web3"",""debug"",""trace""]","[""50K RUs per $0.001 + 50M/mo RUs"",""20 reqs/sec"",""1K RU/sec""]","[""DDoS Protection"", ""IP Protection"", ""Privacy preserving""]","[""Real-time dashboard metrics""]","[""Global""]",,,,99.20%,NULL,NULL,NULL,NULL,NULL,
blockpi-pay-as-you-go-recent-state,BlockPi,,"[""[Buy](https://blockpi.io/pricing/)"",""[Docs](https://docs.blockpi.io/pricing/pricing-and-rate-limit)""]",,Pay-as-you-go,Pruned,RPC,EVM JSON-RPC,$0.01/50K RU,$0.2/1M RU,FALSE,FALSE,"[""eth"",""net"",""web3"",""debug"",""trace""]","[""50K RUs per $0.001 + 50M/mo RUs"",""20 reqs/sec"",""1K RU/sec""]","[""DDoS Protection"", ""IP Protection"", ""Privacy preserving""]","[""Real-time dashboard metrics""]","[""Global""]",,,,99.20%,NULL,NULL,NULL,NULL,NULL,
blockpi-premium-full-archive,BlockPi,,"[""[Buy](https://blockpi.io/pricing/)"",""[Docs](https://docs.blockpi.io/pricing/pricing-and-rate-limit)""]",Premium,Tiered,Archive,RPC,EVM JSON-RPC,$299,,FALSE,FALSE,"[""eth"",""net"",""web3"",""debug"",""trace""]","[""4B/90d + 50M/mo RUs"",""2.5K reqs/sec"",""100K RU/sec""]","[""DDoS Protection"", ""IP Protection"", ""Privacy preserving""]","[""Real-time dashboard metrics""]","[""Global""]",,,,99.20%,NULL,NULL,NULL,NULL,NULL,
blockpi-premium-recent-state,BlockPi,,"[""[Buy](https://blockpi.io/pricing/)"",""[Docs](https://docs.blockpi.io/pricing/pricing-and-rate-limit)""]",Premium,Tiered,Pruned,RPC,EVM JSON-RPC,$299,,FALSE,FALSE,"[""eth"",""net"",""web3"",""debug"",""trace""]","[""4B/90d + 50M/mo RUs"",""2.5K reqs/sec"",""100K RU/sec""]","[""DDoS Protection"", ""IP Protection"", ""Privacy preserving""]","[""Real-time dashboard metrics""]","[""Global""]",,,,99.20%,NULL,NULL,NULL,NULL,NULL,
blockvision-basic-plan-full-archive,BlockVision,,"[""[Buy](https://blockvision.org/pricing)"",""[Docs](https://docs.blockvision.org/reference/welcome-to-blockvision)""]",Basic Plan,Tiered,Archive,RPC,EVM JSON-RPC,$99,,FALSE,FALSE,"[""eth"",""web3"",""net"",""debug"",""trace""]","[""600M CUs"",""1K CUs/s"",""24M EVM Approx. Req""]","[""DDoS Protection"", ""IP Protection""]","[""Usage analytics"",""Custom monitoring"",""Support portal""]","[""Global""]",null,,,99.90%,NULL,NULL,NULL,NULL,NULL,
blockvision-basic-plan-indexer,BlockVision,,"[""[Buy](https://blockvision.org/pricing)"",""[Docs](https://docs.blockvision.org/reference/welcome-to-blockvision)""]",Basic Plan,Tiered,Archive,Indexed Data,Custom,$99,,FALSE,FALSE,"[""eth"",""web3"",""net"",""debug"",""trace""]","[""600M CUs"",""1K CUs/s"",""24M EVM Approx. Req""]","[""DDoS Protection"", ""IP Protection""]","[""Usage analytics"",""Custom monitoring"",""Support portal""]","[""Global""]",,,,99.90%,NULL,NULL,NULL,NULL,NULL,
blockvision-enterprise-full-archive,BlockVision,,"[""[Contact](https://discord.com/invite/J6Vm2W8JRj)"",""[Docs](https://docs.blockvision.org/reference/welcome-to-blockvision)""]",,Enterprise,Archive,RPC,EVM JSON-RPC,Custom,Custom,FALSE,FALSE,"[""eth"",""web3"",""net"",""debug"",""trace""]","[""custom limits""]","[""DDoS Protection"", ""IP Protection""]","[""Usage analytics"",""Custom monitoring"", ""Engineering team support""]","[""Global""]",null,,,99.90%,NULL,NULL,NULL,NULL,NULL,
blockvision-enterprise-indexer,BlockVision,,"[""[Contact](https://discord.com/invite/J6Vm2W8JRj)"",""[Docs](https://docs.blockvision.org/reference/welcome-to-blockvision)""]",,Enterprise,Archive,Indexed Data,Custom,Custom,Custom,FALSE,FALSE,"[""eth"",""web3"",""net"",""debug"",""trace""]","[""custom limits""]","[""DDoS Protection"", ""IP Protection""]","[""Usage analytics"",""Custom monitoring"", ""Engineering team support""]","[""Global""]",,,,99.90%,NULL,NULL,NULL,NULL,NULL,
blockvision-free-full-archive,BlockVision,,"[""[Website](https://blockvision.org/)"",""[Docs](https://docs.blockvision.org/reference/welcome-to-blockvision)""]",,Free,Archive,RPC,EVM JSON-RPC,$0,$0,FALSE,FALSE,"[""eth"",""web3"",""net""]","[""10M CUs"",""300 CUs/s"",""400K EVM Approx. Req""]","[""DDoS Protection"", ""IP Protection""]","[""Basic monitoring""]","[""Global""]",null,,,99.90%,NULL,NULL,NULL,NULL,NULL,
blockvision-lite-plan-full-archive,BlockVision,,"[""[Buy](https://blockvision.org/pricing)"",""[Docs](https://docs.blockvision.org/reference/welcome-to-blockvision)""]",Lite Plan,Tiered,Archive,RPC,EVM JSON-RPC,$29,,FALSE,FALSE,"[""eth"",""web3"",""net"",""debug"",""trace""]","[""100M CUs"",""500 CUs/s"",""4M EVM Approx. Req""]","[""DDoS Protection"", ""IP Protection""]","[""Usage analytics"",""Custom monitoring"",""Support portal""]","[""Global""]",null,,,99.90%,NULL,NULL,NULL,NULL,NULL,
blockvision-lite-plan-indexer,BlockVision,,"[""[Buy](https://blockvision.org/pricing)"",""[Docs](https://docs.blockvision.org/reference/welcome-to-blockvision)""]",Lite Plan,Tiered,Archive,Indexed Data,Custom,$29,,FALSE,FALSE,"[""eth"",""web3"",""net"",""debug"",""trace""]","[""100M CUs"",""500 CUs/s"",""4M EVM Approx. Req""]","[""DDoS Protection"", ""IP Protection""]","[""Usage analytics"",""Custom monitoring"",""Support portal""]","[""Global""]",,,,99.90%,NULL,NULL,NULL,NULL,NULL,
blockvision-pro-plan-full-archive,BlockVision,,"[""[Buy](https://blockvision.org/pricing)"",""[Docs](https://docs.blockvision.org/reference/welcome-to-blockvision)""]",Pro Plan,Tiered,Archive,RPC,EVM JSON-RPC,$199,,FALSE,FALSE,"[""eth"",""web3"",""net"",""debug"",""trace""]","[""1.5B CUs"",""2K CUs/s"",""60M EVM Approx. Req""]","[""DDoS Protection"", ""IP Protection""]","[""Usage analytics"",""Custom monitoring"",""Support portal""]","[""Global""]",null,,,99.90%,NULL,NULL,NULL,NULL,NULL,
blockvision-pro-plan-indexer,BlockVision,,"[""[Buy](https://blockvision.org/pricing)"",""[Docs](https://docs.blockvision.org/reference/welcome-to-blockvision)""]",Pro Plan,Tiered,Archive,Indexed Data,Custom,$199,,FALSE,FALSE,"[""eth"",""web3"",""net"",""debug"",""trace""]","[""1.5B CUs"",""2K CUs/s"",""60M EVM Approx. Req""]","[""DDoS Protection"", ""IP Protection""]","[""Usage analytics"",""Custom monitoring"",""Support portal""]","[""Global""]",,,,99.90%,NULL,NULL,NULL,NULL,NULL,
chain-love-dedicated,Chain.Love,,"[""[Buy](/rpc)"",""[Docs](https://chain-love.gitbook.io/chain-love-docs/blockchains/blockchains)""]",,Dedicated,Archive,RPC,EVM JSON-RPC,$300,$0,TRUE,FALSE,"[""eth"",""web3"",""net"",""debug"",""trace""]",null,"[""DDoS Protection"", ""IP Protection"", ""Domain name protection"", ""Custom rate limiting""]","[""per-method analytics"", ""requests amount monitoring API""]","[""Asia"",""Europe"",""US""]",,,,,NULL,,NULL,,NULL,
chain-love-free,Chain.Love,,"[""[Website](/rpc)"",""[Docs](https://chain-love.gitbook.io/chain-love-docs/blockchains/blockchains)""]",,Free,Archive,RPC,EVM JSON-RPC,$0,$0,TRUE,FALSE,"[""eth"",""web3"",""net"",""debug"",""trace""]","[""100K requests per month""]","[""DDoS Protection"", ""IP Protection"", ""Domain name protection"", ""Custom rate limiting""]","[""per-method analytics"", ""requests amount monitoring API""]","[""US"",""Asia""]",,,,,NULL,,NULL,,NULL,
chain-love-free-indexer,Chain.Love,,"[""[Website](https://www.chain.love/)"",""[Docs](https://chain-love.gitbook.io/chain-love-docs/blockchains/blockchains)""]",,Free,Archive,Indexed Data,The Graph,$0,$0,FALSE,FALSE,"[""GraphQL""]",,"[""DDoS Protection"",""IP Protection"",""Domain name protection"",""Custom rate limiting""]","[""Subgraph logs"",""Usage logs""]","[""Japan""]",,0x0fd8fd1dc8162148cb9413062fe6c6b144335dbf,,,NULL,,NULL,,NULL,
chain-love-pay-as-you-go,Chain.Love,,"[""[Buy](/rpc)"",""[Docs](https://chain-love.gitbook.io/chain-love-docs/blockchains/blockchains)""]",,Pay-as-you-go,Archive,RPC,EVM JSON-RPC,$30,$2/1M requests,TRUE,FALSE,"[""eth"",""web3"",""net"",""debug"",""trace""]",null,"[""DDoS Protection"", ""IP Protection"", ""Domain name protection"", ""Custom rate limiting""]","[""per-method analytics"", ""requests amount monitoring API""]","[""US"",""Asia""]",,,,,NULL,,NULL,,NULL,
chainbase-developer-custom,Chainbase,,"[""[Buy](https://platform.chainbase.com/pricing)"",""[RPC](https://platform.chainbase.com/chainRPCService)""]",Developer,Tiered,Custom,RPC,Custom,$99,,TRUE,FALSE,"[""x402 Integration"",""Call Chainbase API"",""Web3 API"",""Basic API"",""NFT API"",""Token API"",""Balance API"",""Domain API"",""SQL API""]","[""10 reqs/sec"",""15 projects""]","[""Decentralized Architecture"",""Auditing Practices"",""Compliance Standards"",""Partnerships with Security Tools""]","[""Community support"",""Chat and Email""]","[""Global""]","[""Dual-chain design with Cosmos for coordination and EigenLayer for Ethereum security"",""AI and multi-chain interoperability""]",,,,NULL,NULL,NULL,NULL,NULL,
chainbase-enterprise-custom,Chainbase,,"[""[Contact](https://platform.chainbase.com/contact)"",""[RPC](https://platform.chainbase.com/chainRPCService)""]",,Enterprise,Custom,RPC,Custom,Custom,Custom,TRUE,FALSE,"[""x402 Integration"",""Call Chainbase API"",""Web3 API"",""Basic API"",""NFT API"",""Token API"",""Balance API"",""Domain API"",""SQL API""]","[""custom limits""]","[""Decentralized Architecture"",""Auditing Practices"",""Compliance Standards"",""Partnerships with Security Tools""]","[""Community support"",""Chat and Email"",""Phone"",""24/7 VIP support""]","[""Global""]","[""Dual-chain design with Cosmos for coordination and EigenLayer for Ethereum security"",""AI and multi-chain interoperability""]",,,,NULL,NULL,NULL,NULL,NULL,
chainbase-free-custom,Chainbase,,"[""[Website](https://platform.chainbase.com/)"",""[RPC](https://platform.chainbase.com/chainRPCService)""]",,Free,Custom,RPC,Custom,$0,$0,TRUE,FALSE,"[""x402 Integration"",""Call Chainbase API"",""Web3 API"",""Basic API"",""NFT API"",""Token API"",""Balance API"",""Domain API"",""SQL API""]","[""2 reqs/sec"",""3 projects""]","[""Decentralized Architecture"",""Auditing Practices"",""Compliance Standards"",""Partnerships with Security Tools""]","[""Community support""]","[""Global""]","[""Dual-chain design with Cosmos for coordination and EigenLayer for Ethereum security"",""AI and multi-chain interoperability""]",,,,NULL,NULL,NULL,NULL,NULL,
chainnodes-free-full-archive,Chainnodes,,"[""[Website](https://www.chainnodes.org)"",""[Docs](https://www.chainnodes.org/docs)""]",,Free,Archive,RPC,EVM JSON-RPC,$0,$0,FALSE,FALSE,"[""eth"",""web3"",""net"",""debug"",""trace""]","[""25 req/sec"",""12.5M req/mo""]","[""DDoS Protection"", ""IP Protection"", ""Data Consistency""]","[""Usage analytics"",""Basic monitoring""]","[""Global""]",,,,99.90%,NULL,NULL,NULL,NULL,NULL,
chainnodes-pay-as-you-go-full-archive,Chainnodes,,"[""[Buy](https://www.chainnodes.org/pricing)"",""[Docs](https://www.chainnodes.org/docs)""]",,Pay-as-you-go,Archive,RPC,EVM JSON-RPC,"$50/$250/$1K/mo, $500/$2.5K/$10K/yearly",$50/13M requests/mo,FALSE,FALSE,"[""eth"",""web3"",""net"",""debug"",""trace""]","[""50/100/500 req/sec"",""25M125M/500M req/mo""]","[""DDoS Protection"", ""IP Protection"", ""Data Consistency""]","[""Usage analytics"",""Custom monitoring"",""Priority support""]","[""Global""]",,,,99.90%,NULL,NULL,NULL,NULL,NULL,
chainstack-business-full-archive,Chainstack,,"[""[Buy](https://chainstack.referral-factory.com/uDAlJWDK)"",""[Docs](https://docs.chainstack.com/docs/platform-introduction)""]",Business,Tiered,Archive,RPC,EVM JSON-RPC,"$349/mo (monthly plan), $290/mo (yearly plan)",$10/1M extra requests,FALSE,FALSE,"[""eth"",""web3"",""net"",""debug"",""trace""]","[""400 RPS"",""80M requests"",""15 projects""]","[""DDoS Protection"",""IP Protection"",""Dedicated infrastructure""]","[""Usage analytics"",""Custom monitoring"",""Engineering team support""]","[""Global""]","[""GraphQL Queries"",""Standard Support""]",,,99.90%,NULL,NULL,NULL,NULL,NULL,
chainstack-business-recent-state,Chainstack,,"[""[Buy](https://chainstack.referral-factory.com/uDAlJWDK)"",""[Docs](https://docs.chainstack.com/docs/platform-introduction)""]",Business,Tiered,Pruned,RPC,EVM JSON-RPC,"$349/mo (monthly plan), $290/mo (yearly plan)",$10/1M extra requests,FALSE,FALSE,"[""eth"",""web3"",""net"",""debug"",""trace""]","[""600 RPS"",""140M requests"",""20 projects""]","[""DDoS Protection"",""IP Protection"",""Dedicated infrastructure""]","[""Usage analytics"",""Custom monitoring"",""Engineering team support""]","[""Global""]","[""GraphQL Queries"",""Standard Support""]",,,99.90%,NULL,NULL,NULL,NULL,NULL,
chainstack-developer-recent-state,Chainstack,,"[""[Website](https://chainstack.referral-factory.com/uDAlJWDK)"",""[Docs](https://docs.chainstack.com/docs/platform-introduction)""]",Developer,Free,Pruned,RPC,EVM JSON-RPC,$0,$20/1M extra requests,FALSE,FALSE,"[""eth"",""web3"",""net""]","[""25 RPS"",""3M reqs/mo"",""1 project""]","[""DDoS Protection"",""IP Protection""]","[""Usage analytics"",""Basic monitoring""]","[""Global""]","[""GraphQL Queries"",""Standard Support""]",,,99.90%,NULL,NULL,NULL,NULL,NULL,
chainstack-enterprise-full-archive,Chainstack,,"[""[Contact](https://chainstack.referral-factory.com/uDAlJWDK)"",""[Docs](https://docs.chainstack.com/docs/platform-introduction)""]",Enterprise,Tiered,Archive,RPC,EVM JSON-RPC,"up to $990/mo (monthly plan), up to $825/mo (yearly plan)",$5/1M extra requests,FALSE,TRUE,"[""eth"",""web3"",""net"",""debug"",""trace""]","[""600 RPS"",""140M requests"",""20 projects""]","[""DDoS Protection"",""IP Protection"",""Dedicated infrastructure""]","[""Advanced analytics"",""Custom monitoring""]","[""Global""]","[""GraphQL Queries"",""Standard Support""]",,,99.99%,NULL,NULL,NULL,NULL,NULL,
chainstack-enterprise-recent-state,Chainstack,,"[""[Contact](https://chainstack.referral-factory.com/uDAlJWDK)"",""[Docs](https://docs.chainstack.com/docs/platform-introduction)""]",Enterprise,Tiered,Pruned,RPC,EVM JSON-RPC,"up to $990/mo (monthly plan), up to $825/mo (yearly plan)",$5/1M extra requests,FALSE,TRUE,"[""eth"",""web3"",""net"",""debug"",""trace""]","[""400M requests"",""unlimited projects""]","[""DDoS Protection"",""IP Protection"",""Dedicated infrastructure""]","[""Advanced analytics"",""Custom monitoring""]","[""Global""]","[""GraphQL Queries"",""Standard Support""]",,,99.99%,NULL,NULL,NULL,NULL,NULL,
chainstack-growth-full-archive,Chainstack,,"[""[Buy](https://chainstack.referral-factory.com/uDAlJWDK)"",""[Docs](https://docs.chainstack.com/docs/platform-introduction)""]",Growth,Tiered,Archive,RPC,EVM JSON-RPC,"$49/mo (monthly plan), $40/mo (yearly plan)",$15/1M extra requests,FALSE,FALSE,"[""eth"",""web3"",""net"",""debug"",""trace""]","[""25 RPS"",""3M reqs/mo"",""1 project""]","[""DDoS Protection"",""IP Protection"",""Dedicated infrastructure""]","[""Usage analytics"",""Custom monitoring"",""Engineering team support""]","[""Global""]","[""GraphQL Queries"",""Standard Support""]",,,99.90%,NULL,NULL,NULL,NULL,NULL,
chainstack-growth-recent-state,Chainstack,,"[""[Buy](https://chainstack.referral-factory.com/uDAlJWDK)"",""[Docs](https://docs.chainstack.com/docs/platform-introduction)""]",Growth,Tiered,Pruned,RPC,EVM JSON-RPC,"$49/mo (monthly plan), $40/mo (yearly plan)",$15/1M extra requests,FALSE,FALSE,"[""eth"",""web3"",""net"",""debug"",""trace""]","[""250 RPS"",""20M requests"",""10 projects""]","[""DDoS Protection"",""IP Protection"",""Dedicated infrastructure""]","[""Usage analytics"",""Custom monitoring"",""Engineering team support""]","[""Global""]","[""GraphQL Queries"",""Standard Support""]",,,99.90%,NULL,NULL,NULL,NULL,NULL,
chainstack-pro-full-archive,Chainstack,,"[""[Buy](https://chainstack.referral-factory.com/uDAlJWDK)"",""[Docs](https://docs.chainstack.com/docs/platform-introduction)""]",Pro,Tiered,Archive,RPC,EVM JSON-RPC,"$199/mo (monthly plan), $166/mo (yearly plan)",$12.5/1M extra requests,FALSE,FALSE,"[""eth"",""web3"",""net"",""debug"",""trace""]","[""250 RPS"",""20M requests"",""10 projects""]","[""DDoS Protection"",""IP Protection"",""Dedicated infrastructure""]","[""Usage analytics"",""Custom monitoring"",""Engineering team support""]","[""Global""]","[""GraphQL Queries"",""Standard Support""]",,,99.90%,NULL,NULL,NULL,NULL,NULL,
chainstack-pro-recent-state,Chainstack,,"[""[Buy](https://chainstack.referral-factory.com/uDAlJWDK)"",""[Docs](https://docs.chainstack.com/docs/platform-introduction)""]",Pro,Tiered,Pruned,RPC,EVM JSON-RPC,"$199/mo (monthly plan), $166/mo (yearly plan)",$12.5/1M extra requests,FALSE,FALSE,"[""eth"",""web3"",""net"",""debug"",""trace""]","[""400 RPS"",""80M requests"",""15 projects""]","[""DDoS Protection"",""IP Protection"",""Dedicated infrastructure""]","[""Usage analytics"",""Custom monitoring"",""Engineering team support""]","[""Global""]","[""GraphQL Queries"",""Standard Support""]",,,99.90%,NULL,NULL,NULL,NULL,NULL,
chainup-cloud-free,Chainup Cloud,,"[""[Buy](https://cloud.chainup.com/plan)"",""[Docs](https://docs.chainupcloud.com/blockchain-api/filecoin/public-apis)""]",,Free,Pruned,RPC,EVM JSON-RPC,$0,$0,FALSE,FALSE,"[""All read methods + MPoolPush""]",null,"[""Domain name protection""]",null,null,,,,null,null,null,null,null,null,
crypto-apis-dedicated-full-archive,Crypto APIs,,"[""[Website](http://referral.cryptoapis.io/400124/17230)""]",,Dedicated,Archive,RPC,EVM JSON-RPC,Custom,Custom,FALSE,FALSE,"[""debug"",""trace"",""rest""]","[""custom limits""]","[""Real-time transaction scanning"",""Pre-signed transaction simulation"",""MPC (Multi-Party Computation) technology"",""Keyless wallet operations""]","[""Real-time tracking"",""Historical analysis"",""Automated notifications""]","[""Global""]","[""EVM transactions simulation"",""Webhook notifications"",""Fraud detection""]",,,,NULL,NULL,NULL,NULL,NULL,
crypto-apis-dedicated-recent-state,Crypto APIs,,"[""[Website](http://referral.cryptoapis.io/400124/17230)""]",,Dedicated,Pruned,RPC,EVM JSON-RPC,Custom,Custom,FALSE,FALSE,"[""debug"",""trace"",""rest""]","[""custom limits""]","[""Real-time transaction scanning"",""Pre-signed transaction simulation"",""MPC (Multi-Party Computation) technology"",""Keyless wallet operations""]","[""Real-time tracking"",""Historical analysis"",""Automated notifications""]","[""Global""]","[""EVM transactions simulation"",""Webhook notifications"",""Fraud detection""]",,,,NULL,NULL,NULL,NULL,NULL,
crypto-apis-enterprise-full-archive,Crypto APIs,,"[""[Contact](http://referral.cryptoapis.io/400124/17230)"",""[Docs](https://developers.cryptoapis.io/v-2.2024-12-12-175/RESTapis/general-information/overview)""]",,Enterprise,Archive,RPC,EVM JSON-RPC,Custom,Custom,FALSE,FALSE,"[""debug"",""trace"",""rest""]","[""custom limits""]","[""Real-time transaction scanning"",""Pre-signed transaction simulation"",""MPC (Multi-Party Computation) technology"",""Keyless wallet operations""]","[""Real-time tracking"",""Historical analysis"",""Automated notifications""]","[""Global""]","[""EVM transactions simulation"",""Webhook notifications"",""Fraud detection""]",,,,NULL,NULL,NULL,NULL,NULL,
crypto-apis-enterprise-recent-state,Crypto APIs,,"[""[Contact](http://referral.cryptoapis.io/400124/17230)"",""[Docs](https://developers.cryptoapis.io/v-2.2024-12-12-175/RESTapis/general-information/overview)""]",,Enterprise,Pruned,RPC,EVM JSON-RPC,Custom,Custom,FALSE,FALSE,"[""debug"",""trace"",""rest""]","[""custom limits""]","[""Real-time transaction scanning"",""Pre-signed transaction simulation"",""MPC (Multi-Party Computation) technology"",""Keyless wallet operations""]","[""Real-time tracking"",""Historical analysis"",""Automated notifications""]","[""Global""]","[""EVM transactions simulation"",""Webhook notifications"",""Fraud detection""]",,,,NULL,NULL,NULL,NULL,NULL,
crypto-apis-free-full-archive,Crypto APIs,,"[""[Website](http://referral.cryptoapis.io/400124/17230)"",""[Docs](https://developers.cryptoapis.io/v-2.2024-12-12-175/RESTapis/general-information/overview)""]",,Free,Archive,RPC,EVM JSON-RPC,$0,$0,FALSE,FALSE,"[""debug"",""trace"",""rest""]","[""100K monthly credits"",""100 soft throughput"",""1K hard throughput""]","[""Real-time transaction scanning"",""Pre-signed transaction simulation"",""MPC (Multi-Party Computation) technology"",""Keyless wallet operations""]","[""Real-time tracking"",""Historical analysis"",""Automated notifications""]","[""Global""]","[""EVM transactions simulation"",""Webhook notifications"",""Fraud detection""]",,,,NULL,NULL,NULL,NULL,NULL,
crypto-apis-free-recent-state,Crypto APIs,,"[""[Website](https://cryptoapis.io/)"",""[Docs](https://developers.cryptoapis.io/v-2.2024-12-12-175/RESTapis/general-information/overview)""]",,Free,Pruned,RPC,EVM JSON-RPC,$0,$0,FALSE,FALSE,"[""debug"",""trace"",""rest""]","[""100K monthly credits"",""100 soft throughput"",""1K hard throughput""]","[""Real-time transaction scanning"",""Pre-signed transaction simulation"",""MPC (Multi-Party Computation) technology"",""Keyless wallet operations""]","[""Real-time tracking"",""Historical analysis"",""Automated notifications""]","[""Global""]","[""EVM transactions simulation"",""Webhook notifications"",""Fraud detection""]",,,,NULL,NULL,NULL,NULL,NULL,
crypto-apis-pro-full-archive,Crypto APIs,,"[""[Buy](http://referral.cryptoapis.io/400124/17230)"",""[Docs](https://developers.cryptoapis.io/v-2.2024-12-12-175/RESTapis/general-information/overview)""]",Pro,Tiered,Archive,RPC,EVM JSON-RPC,$799/mo,"$1/357,590 credits",FALSE,FALSE,"[""debug"",""trace"",""rest""]","[""600M monthly credits"",""12K soft throughput"",""24K hard throughput""]","[""Real-time transaction scanning"",""Pre-signed transaction simulation"",""MPC (Multi-Party Computation) technology"",""Keyless wallet operations""]","[""Real-time tracking"",""Historical analysis"",""Automated notifications""]","[""Global""]","[""EVM transactions simulation"",""Webhook notifications"",""Fraud detection""]",,,,NULL,NULL,NULL,NULL,NULL,
crypto-apis-pro-recent-state,Crypto APIs,,"[""[Buy](http://referral.cryptoapis.io/400124/17230)"",""[Docs](https://developers.cryptoapis.io/v-2.2024-12-12-175/RESTapis/general-information/overview)""]",Pro,Tiered,Pruned,RPC,EVM JSON-RPC,$799/mo,"$1/357,590 credits",FALSE,FALSE,"[""debug"",""trace"",""rest""]","[""600M monthly credits"",""12K soft throughput"",""24K hard throughput""]","[""Real-time transaction scanning"",""Pre-signed transaction simulation"",""MPC (Multi-Party Computation) technology"",""Keyless wallet operations""]","[""Real-time tracking"",""Historical analysis"",""Automated notifications""]","[""Global""]","[""EVM transactions simulation"",""Webhook notifications"",""Fraud detection""]",,,,NULL,NULL,NULL,NULL,NULL,
crypto-apis-scale-full-archive,Crypto APIs,,"[""[Buy](http://referral.cryptoapis.io/400124/17230)"",""[Docs](https://developers.cryptoapis.io/v-2.2024-12-12-175/RESTapis/general-information/overview)""]",Scale,Tiered,Archive,RPC,EVM JSON-RPC,$299/mo,"$1/318,522 credits",FALSE,FALSE,"[""debug"",""trace"",""rest""]","[""200M monthly credits"",""6K soft throughput"",""12K hard throughput""]","[""Real-time transaction scanning"",""Pre-signed transaction simulation"",""MPC (Multi-Party Computation) technology"",""Keyless wallet operations""]","[""Real-time tracking"",""Historical analysis"",""Automated notifications""]","[""Global""]","[""EVM transactions simulation"",""Webhook notifications"",""Fraud detection""]",,,,NULL,NULL,NULL,NULL,NULL,
crypto-apis-scale-recent-state,Crypto APIs,,"[""[Buy](http://referral.cryptoapis.io/400124/17230)"",""[Docs](https://developers.cryptoapis.io/v-2.2024-12-12-175/RESTapis/general-information/overview)""]",Scale,Tiered,Pruned,RPC,EVM JSON-RPC,$299/mo,"$1/318,522 credits",FALSE,FALSE,"[""debug"",""trace"",""rest""]","[""200M monthly credits"",""6K soft throughput"",""12K hard throughput""]","[""Real-time transaction scanning"",""Pre-signed transaction simulation"",""MPC (Multi-Party Computation) technology"",""Keyless wallet operations""]","[""Real-time tracking"",""Historical analysis"",""Automated notifications""]","[""Global""]","[""EVM transactions simulation"",""Webhook notifications"",""Fraud detection""]",,,,NULL,NULL,NULL,NULL,NULL,
crypto-apis-starter-full-archive,Crypto APIs,,"[""[Buy](http://referral.cryptoapis.io/400124/17230)"",""[Docs](https://developers.cryptoapis.io/v-2.2024-12-12-175/RESTapis/general-information/overview)""]",Starter,Tiered,Archive,RPC,EVM JSON-RPC,$49/mo,"$1/291,545 credits",FALSE,FALSE,"[""debug"",""trace"",""rest""]","[""30M monthly credits"",""3K soft throughput"",""6K hard throughput""]","[""Real-time transaction scanning"",""Pre-signed transaction simulation"",""MPC (Multi-Party Computation) technology"",""Keyless wallet operations""]","[""Real-time tracking"",""Historical analysis"",""Automated notifications""]","[""Global""]","[""EVM transactions simulation"",""Webhook notifications"",""Fraud detection""]",,,,NULL,NULL,NULL,NULL,NULL,
crypto-apis-starter-recent-state,Crypto APIs,,"[""[Buy](http://referral.cryptoapis.io/400124/17230)"",""[Docs](https://developers.cryptoapis.io/v-2.2024-12-12-175/RESTapis/general-information/overview)""]",Starter,Tiered,Pruned,RPC,EVM JSON-RPC,$49/mo,"$1/291,545 credits",FALSE,FALSE,"[""debug"",""trace"",""rest""]","[""30M monthly credits"",""3K soft throughput"",""6K hard throughput""]","[""Real-time transaction scanning"",""Pre-signed transaction simulation"",""MPC (Multi-Party Computation) technology"",""Keyless wallet operations""]","[""Real-time tracking"",""Historical analysis"",""Automated notifications""]","[""Global""]","[""EVM transactions simulation"",""Webhook notifications"",""Fraud detection""]",,,,NULL,NULL,NULL,NULL,NULL,
dipdup-free-indexer,dipDup,,"[""[Website](https://dipdup.io/)"",""[Docs](https://dipdup.io/docs)""]",,Free,Archive,Indexed Data,Custom,$0,$0 (self-hosted open-source),FALSE,FALSE,"[""GraphQL"",""Code-gen APIs""]",,"[""Open-source stack security""]","[""Logs"",""Analytics""]","[""Global""]","[""Fast setup templates"",""Open-source""]",null,,,NULL,,NULL,,NULL,
drpc-enterprise-full-archive,dRPC,,"[""[Contact](https://drpc.org?ref=7100cc)"",""[Docs](https://drpc.org/docs)""]",,Enterprise,Archive,RPC,EVM JSON-RPC,Custom,Custom,FALSE,FALSE,"[""eth"",""web3"",""net"",""debug"",""trace""]","[""Unlimited RPS, up to 300M reqs/mo""]","[""DDoS Protection"", ""IP Protection"", ""Domain name protection"", ""Custom rate limiting"", ""Method Limiting"", ""Error tracing"", ""Contract addresses protection""]","[""per-method analytics"", ""latency"", ""CU analytics""]","[""Global""]",,,,99.99%,NULL,NULL,NULL,NULL,NULL,
drpc-enterprise-recent-state,dRPC,,"[""[Contact](https://drpc.org?ref=7100cc)"",""[Docs](https://drpc.org/docs)""]",,Enterprise,Pruned,RPC,EVM JSON-RPC,Custom,Custom,FALSE,FALSE,"[""eth"",""web3"",""net"",""debug"",""trace""]","[""Unlimited RPS, up to 300M reqs/mo""]","[""DDoS Protection"", ""IP Protection"", ""Domain name protection"", ""Custom rate limiting"", ""Method Limiting"", ""Error tracing"", ""Contract addresses protection""]","[""per-method analytics"", ""latency"", ""CU analytics""]","[""Global""]",,,,99.99%,NULL,NULL,NULL,NULL,NULL,
drpc-free-full-archive,dRPC,,"[""[Website](https://drpc.org?ref=7100cc)"",""[Docs](https://drpc.org/docs)""]",,Free,Archive,RPC,EVM JSON-RPC,$0,$0,FALSE,FALSE,"[""eth"",""web3"",""net""]","[""100 req/s, free 210M CUs/mo""]","[""DDoS Protection"",""IP Protection""]","[""Usage analytics""]","[""Global""]",,,,99.99%,NULL,NULL,NULL,NULL,NULL,
drpc-free-recent-state,dRPC,,"[""[Website](https://drpc.org?ref=7100cc)"",""[Docs](https://drpc.org/docs)""]",,Free,Pruned,RPC,EVM JSON-RPC,$0,$0,FALSE,FALSE,"[""eth"",""web3"",""net""]","[""100 req/s, free 210M CUs/mo""]","[""DDoS Protection"",""IP Protection""]","[""Usage analytics""]","[""Global""]",,,,99.99%,NULL,NULL,NULL,NULL,NULL,
drpc-pay-as-you-go-full-archive,dRPC,,"[""[Buy](https://drpc.org?ref=7100cc)"",""[Docs](https://drpc.org/docs)""]",,Pay-as-you-go,Archive,RPC,EVM JSON-RPC,$0,$6/1M requests,FALSE,FALSE,"[""eth"",""web3"",""net"",""debug"",""trace""]","[""5K req/s, 20M CUs""]","[""DDoS Protection"", ""IP Protection"", ""Domain name protection"", ""Custom rate limiting"", ""Method Limiting"", ""Error tracing"", ""Contract addresses protection""]","[""per-method analytics"", ""latency"", ""CU analytics""]","[""Global""]",,,,99.99%,NULL,NULL,NULL,NULL,NULL,
drpc-pay-as-you-go-recent-state,dRPC,,"[""[Buy](https://drpc.org?ref=7100cc)"",""[Docs](https://drpc.org/docs)""]",,Pay-as-you-go,Pruned,RPC,EVM JSON-RPC,$0,$6/1M requests,FALSE,FALSE,"[""eth"",""web3"",""net"",""debug"",""trace""]","[""5K req/s, 20M CUs""]","[""DDoS Protection"", ""IP Protection"", ""Domain name protection"", ""Custom rate limiting"", ""Method Limiting"", ""Error tracing"", ""Contract addresses protection""]","[""per-method analytics"", ""latency"", ""CU analytics""]","[""Global""]",,,,99.99%,NULL,NULL,NULL,NULL,NULL,
drpc-public-full-archive,dRPC,,"[""[Website](https://drpc.org?ref=7100cc)"",""[Docs](https://drpc.org/docs)""]",,Public,Archive,RPC,EVM JSON-RPC,$0,$0,FALSE,FALSE,"[""eth"",""web3"",""net"", ""debug"", ""tracing""]","[""Limited (unknown limits)""]",,,"[""Global""]",,,,NULL,NULL,NULL,NULL,NULL,NULL,
drpc-public-recent-state,dRPC,,"[""[Website](https://drpc.org?ref=7100cc)"",""[Docs](https://drpc.org/docs)""]",,Public,Pruned,RPC,EVM JSON-RPC,$0,$0,FALSE,FALSE,"[""eth"",""web3"",""net""]","[""Limited (unknown limits)""]",,,"[""Global""]",,,,NULL,NULL,NULL,NULL,NULL,NULL,
dwellir-dedicated-full-archive,Dwellir,,"[""[Contact](https://www.dwellir.com/contact)"",""[Docs](https://www.dwellir.com/docs)""]",,Dedicated,Archive,RPC,EVM JSON-RPC,Custom,Custom,FALSE,FALSE,"[""trace"",""debug""]",,"[""HTTPS and WebSocket protocols with strict authentication controls such as API key rotation, IP allow lists, and JWT-based authentication to prevent unauthorized access"",""Bare metal servers""]",,"[""Global""]",,,,,NULL,NULL,NULL,NULL,NULL,
dwellir-dedicated-recent-state,Dwellir,,"[""[Contact](https://www.dwellir.com/contact)"",""[Docs](https://www.dwellir.com/docs)""]",,Dedicated,Pruned,RPC,EVM JSON-RPC,Custom,Custom,FALSE,FALSE,"[""trace"",""debug""]",,"[""HTTPS and WebSocket protocols with strict authentication controls such as API key rotation, IP allow lists, and JWT-based authentication to prevent unauthorized access"",""Bare metal servers""]",,"[""Global""]",,,,,NULL,NULL,NULL,NULL,NULL,
dwellir-developer-full-archive,Dwellir,,"[""[Buy](https://www.dwellir.com/pricing)"",""[Docs](https://www.dwellir.com/docs)""]",Developer,Tiered,Archive,RPC,EVM JSON-RPC,$49/mo,$5/1M requests,FALSE,FALSE,"[""trace"",""debug""]","[""100 responses/sec"",""500 responses/sec(burst)"",""unlimited daily response"",""10 API Keys"",""25M responses""]","[""HTTPS and WebSocket protocols with strict authentication controls such as API key rotation, IP allow lists, and JWT-based authentication to prevent unauthorized access"",""Bare metal servers""]",,"[""Global""]",null,,,,NULL,NULL,NULL,NULL,NULL,
dwellir-developer-recent-state,Dwellir,,"[""[Buy](https://www.dwellir.com/pricing)"",""[Docs](https://www.dwellir.com/docs)""]",Developer,Tiered,Pruned,RPC,EVM JSON-RPC,$49/mo,$5/1M requests,FALSE,FALSE,"[""trace"",""debug""]","[""100 responses/sec"",""500 responses/sec(burst)"",""unlimited daily response"",""10 API Keys"",""25M responses""]","[""HTTPS and WebSocket protocols with strict authentication controls such as API key rotation, IP allow lists, and JWT-based authentication to prevent unauthorized access"",""Bare metal servers""]",,"[""Global""]",null,,,,NULL,NULL,NULL,NULL,NULL,
dwellir-enterprise-full-archive,Dwellir,,"[""[Contact](https://www.dwellir.com/contact)"",""[Docs](https://www.dwellir.com/docs)""]",,Enterprise,Archive,RPC,EVM JSON-RPC,Custom,Custom,FALSE,FALSE,"[""trace"",""debug""]","[""custom limits""]","[""HTTPS and WebSocket protocols with strict authentication controls such as API key rotation, IP allow lists, and JWT-based authentication to prevent unauthorized access"",""Bare metal servers""]",,"[""Global""]",,,,,NULL,NULL,NULL,NULL,NULL,
dwellir-enterprise-recent-state,Dwellir,,"[""[Contact](https://www.dwellir.com/contact)"",""[Docs](https://www.dwellir.com/docs)""]",,Enterprise,Pruned,RPC,EVM JSON-RPC,Custom,Custom,FALSE,FALSE,"[""trace"",""debug""]","[""custom limits""]","[""HTTPS and WebSocket protocols with strict authentication controls such as API key rotation, IP allow lists, and JWT-based authentication to prevent unauthorized access"",""Bare metal servers""]",,"[""Global""]",,,,,NULL,NULL,NULL,NULL,NULL,
dwellir-free-full-archive,Dwellir,,"[""[Website](https://www.dwellir.com/)"",""[Docs](https://www.dwellir.com/docs)""]",,Free,Archive,RPC,EVM JSON-RPC,$0,$0,FALSE,FALSE,"[""trace"",""debug""]","[""20 responses/sec"",""100K daily response limit"",""1 API Key""]","[""HTTPS and WebSocket protocols with strict authentication controls such as API key rotation, IP allow lists, and JWT-based authentication to prevent unauthorized access"",""Bare metal servers""]",,"[""Global""]",,,,,NULL,NULL,NULL,NULL,NULL,
dwellir-free-recent-state,Dwellir,,"[""[Website](https://www.dwellir.com/)"",""[Docs](https://www.dwellir.com/docs)""]",,Free,Pruned,RPC,EVM JSON-RPC,$0,$0,FALSE,FALSE,"[""trace"",""debug""]","[""20 responses/sec"",""100K daily response limit"",""1 API Key""]","[""HTTPS and WebSocket protocols with strict authentication controls such as API key rotation, IP allow lists, and JWT-based authentication to prevent unauthorized access"",""Bare metal servers""]",,"[""Global""]",,,,,NULL,NULL,NULL,NULL,NULL,
dwellir-growth-full-archive,Dwellir,,"[""[Buy](https://www.dwellir.com/pricing)"",""[Docs](https://www.dwellir.com/docs)""]",Growth,Tiered,Archive,RPC,EVM JSON-RPC,$299/mo,$3/1M requests,FALSE,FALSE,"[""trace"",""debug""]","[""500 responses/sec"",""2.5K responses/sec(burst)"",""unlimited daily response"",""15 API Keys"",""150M responses""]","[""HTTPS and WebSocket protocols with strict authentication controls such as API key rotation, IP allow lists, and JWT-based authentication to prevent unauthorized access"",""Bare metal servers""]",,"[""Global""]",null,,,,NULL,NULL,NULL,NULL,NULL,
dwellir-growth-recent-state,Dwellir,,"[""[Buy](https://www.dwellir.com/pricing)"",""[Docs](https://www.dwellir.com/docs)""]",Growth,Tiered,Pruned,RPC,EVM JSON-RPC,$299/mo,$3/1M requests,FALSE,FALSE,"[""trace"",""debug""]","[""500 responses/sec"",""2.5K responses/sec(burst)"",""unlimited daily response"",""15 API Keys"",""150M responses""]","[""HTTPS and WebSocket protocols with strict authentication controls such as API key rotation, IP allow lists, and JWT-based authentication to prevent unauthorized access"",""Bare metal servers""]",,"[""Global""]",,,,,NULL,NULL,NULL,NULL,NULL,
dwellir-scale-full-archive,Dwellir,,"[""[Buy](https://www.dwellir.com/pricing)"",""[Docs](https://www.dwellir.com/docs)""]",Scale,Tiered,Archive,RPC,EVM JSON-RPC,$999/mo,$2/1M requests,FALSE,FALSE,"[""trace"",""debug""]","[""2K responses/sec"",""10K responses/sec(burst)"",""unlimited daily response"",""20 API Keys"",""500M responses""]","[""HTTPS and WebSocket protocols with strict authentication controls such as API key rotation, IP allow lists, and JWT-based authentication to prevent unauthorized access"",""Bare metal servers""]",,"[""Global""]",null,,,,NULL,NULL,NULL,NULL,NULL,
dwellir-scale-recent-state,Dwellir,,"[""[Buy](https://www.dwellir.com/pricing)"",""[Docs](https://www.dwellir.com/docs)""]",Scale,Tiered,Pruned,RPC,EVM JSON-RPC,$999/mo,$2/1M requests,FALSE,FALSE,"[""trace"",""debug""]","[""2K responses/sec"",""10K responses/sec(burst)"",""unlimited daily response"",""20 API Keys"",""500M responses""]","[""HTTPS and WebSocket protocols with strict authentication controls such as API key rotation, IP allow lists, and JWT-based authentication to prevent unauthorized access"",""Bare metal servers""]",,"[""Global""]",,,,,NULL,NULL,NULL,NULL,NULL,
envio-dedicated-indexer,Envio,,"[""[Website](https://envio.dev/)"",""[Docs](https://docs.envio.dev/docs/HyperIndex/overview)"",""[Pricing](https://docs.envio.dev/docs/HyperIndex/hosted-service-billing)""]",,Enterprise,Archive,Indexed Data,Custom,Custom,Custom pricing & SLAs,FALSE,FALSE,"[""GraphQL"",""Custom Handlers"",""SQL""]","[""Unlimited indexing hours"",""5K req/min"",""Unlimited storage"",""Unlimited networks"",""Unlimited contracts""]","[""DDoS Protection"",""IP Protection"",""IP Whitelisting"",""Dedicated Infrastructure""]","[""Indexer logs"",""Usage analytics"",""Alerting & Monitoring"",""Hosted Analytics Portal""]","[""Global""]","[""Multichain Indexing"",""Email support"",""Reorg Mode"",""Backups"",""Static Production Endpoint"",""Private Deployments"",""Premium Support""]",null,,,NULL,,NULL,,NULL,
envio-free-indexer,Envio,,"[""[Website](https://envio.dev/)"",""[Docs](https://docs.envio.dev/docs/HyperIndex/overview)"",""[Pricing](https://docs.envio.dev/docs/HyperIndex/hosted-service-billing)""]",,Free,Archive,Indexed Data,Custom,$0,null,FALSE,FALSE,"[""GraphQL"",""Custom Handlers""]","[""750 indexing hours"",""100 req/min"",""<= 100K entities stored"",""100 contracts""]","[""DDoS Protection"",""IP Protection""]","[""Indexer logs"",""Usage analytics""]","[""Global""]","[""Multichain Indexing"",""Email support"",""JS/TS/ReScript indexers""]",null,,,NULL,,NULL,,NULL,
envio-pay-as-you-go-indexer,Envio,,"[""[Website](https://envio.dev/)"",""[Docs](https://docs.envio.dev/docs/HyperIndex/overview)"",""[Pricing](https://docs.envio.dev/docs/HyperIndex/hosted-service-billing)""]",,Tiered,Archive,Indexed Data,Custom,$70/$300/$800,$0.1/$0.2/$0.5/extra indexing hour,FALSE,FALSE,"[""GraphQL"",""Custom Handlers""]","[""800 indexing hours"",""250/1K/2K req/min"",""<= 1M/10M/100M entities stored"",""5/10/15 networks"",""1K/10K/50K contracts""]","[""DDoS Protection"",""IP Protection"",""IP Whitelisting""]","[""Indexer logs"",""Usage analytics"",""Alerting & Monitoring""]","[""Global""]","[""Multichain Indexing"",""Email support"",""Reorg Mode"",""Backups"",""Static Production Endpoint"",""Scalable custom indexers""]",null,,,NULL,,NULL,,NULL,
etherscan-api-advanced-full-archive,Etherscan,,"[""[Buy](https://etherscan.io/apis#pricing-plan)"",""[Docs](https://docs.etherscan.io/introduction)""]",Advanced,Tiered,Archive,Custom,Custom,$299/mo,,FALSE,FALSE,"[""Account APIs"",""Transactions APIs"",""Blocks APIs"",""Contracts APIs"",""Logs APIs"",""Gas Tracker APIs""]","[""20 calls/s limit"",""Up to 500K API calls/day""]","[""API Key Authentication"",""Rate Limiting"",""Error Handling and Abuse Detection"",""API Key Limits""]","[""Real-Time Monitoring via API Endpoints"",""Daily & Historical Metrics"",""Charts & Statistics Dashboard""]","[""Global""]","[""Unified Multichain Support"",""Expanded API Endpoint Categories"",""L2 Deposit & Withdrawal Endpoints""]",null,,,NULL,,NULL,,NULL,
etherscan-api-enterprise-full-archive,Etherscan,,"[""[Contact](https://etherscan.io/apis#contactSection)"",""[Docs](https://docs.etherscan.io/introduction)""]",,Enterprise,Archive,Custom,Custom,Custom,,FALSE,FALSE,"[""Account APIs"",""Transactions APIs"",""Blocks APIs"",""Contracts APIs"",""Logs APIs"",""Gas Tracker APIs""]","[""Unmetered rate limits and usage""]","[""API Key Authentication"",""Rate Limiting"",""Error Handling and Abuse Detection"",""API Key Limits""]","[""Real-Time Monitoring via API Endpoints"",""Daily & Historical Metrics"",""Charts & Statistics Dashboard""]","[""Global""]","[""Unified Multichain Support"",""Expanded API Endpoint Categories"",""L2 Deposit & Withdrawal Endpoints""]",null,,,NULL,,NULL,,NULL,
etherscan-api-free-full-archive,Etherscan,,"[""[Website](https://etherscan.io/apis#pricing-plan)"",""[Docs](https://docs.etherscan.io/introduction)""]",,Free,Archive,Custom,Custom,$0,,FALSE,FALSE,"[""Account APIs"",""Transactions APIs"",""Blocks APIs"",""Contracts APIs"",""Logs APIs"",""Gas Tracker APIs""]","[""3 calls/s limit"",""Up to 100K API calls/day""]","[""API Key Authentication"",""Rate Limiting"",""Error Handling and Abuse Detection"",""API Key Limits""]","[""Real-Time Monitoring via API Endpoints"",""Daily & Historical Metrics"",""Charts & Statistics Dashboard""]","[""Global""]","[""Unified Multichain Support"",""Expanded API Endpoint Categories"",""L2 Deposit & Withdrawal Endpoints""]",null,,,NULL,,NULL,,NULL,
etherscan-api-lite-full-archive,Etherscan,,"[""[Buy](https://etherscan.io/apis#pricing-plan)"",""[Docs](https://docs.etherscan.io/introduction)""]",Lite,Tiered,Archive,Custom,Custom,$49/mo,,FALSE,FALSE,"[""Account APIs"",""Transactions APIs"",""Blocks APIs"",""Contracts APIs"",""Logs APIs"",""Gas Tracker APIs""]","[""5 calls/s limit"",""Up to 100K API calls/day""]","[""API Key Authentication"",""Rate Limiting"",""Error Handling and Abuse Detection"",""API Key Limits""]","[""Real-Time Monitoring via API Endpoints"",""Daily & Historical Metrics"",""Charts & Statistics Dashboard""]","[""Global""]","[""Unified Multichain Support"",""Expanded API Endpoint Categories"",""L2 Deposit & Withdrawal Endpoints""]",null,,,NULL,,NULL,,NULL,
etherscan-api-pro-plus-full-archive,Etherscan,,"[""[Buy](https://etherscan.io/apis#pricing-plan)"",""[Docs](https://docs.etherscan.io/introduction)""]",Pro Plus,Tiered,Archive,Custom,Custom,$899/mo,,FALSE,FALSE,"[""Account APIs"",""Transactions APIs"",""Blocks APIs"",""Contracts APIs"",""Logs APIs"",""Gas Tracker APIs""]","[""30 calls/s limit"",""Up to 1.5M API calls/day""]","[""API Key Authentication"",""Rate Limiting"",""Error Handling and Abuse Detection"",""API Key Limits""]","[""Real-Time Monitoring via API Endpoints"",""Daily & Historical Metrics"",""Charts & Statistics Dashboard""]","[""Global""]","[""Unified Multichain Support"",""Expanded API Endpoint Categories"",""L2 Deposit & Withdrawal Endpoints""]",null,,,NULL,,NULL,,NULL,
etherscan-api-professional-full-archive,Etherscan,,"[""[Buy](https://etherscan.io/apis#pricing-plan)"",""[Docs](https://docs.etherscan.io/introduction)""]",Professional,Tiered,Archive,Custom,Custom,$399/mo,,FALSE,FALSE,"[""Account APIs"",""Transactions APIs"",""Blocks APIs"",""Contracts APIs"",""Logs APIs"",""Gas Tracker APIs""]","[""30 calls/s limit"",""Up to 1M API calls/day""]","[""API Key Authentication"",""Rate Limiting"",""Error Handling and Abuse Detection"",""API Key Limits""]","[""Real-Time Monitoring via API Endpoints"",""Daily & Historical Metrics"",""Charts & Statistics Dashboard""]","[""Global""]","[""Unified Multichain Support"",""Expanded API Endpoint Categories"",""L2 Deposit & Withdrawal Endpoints""]",null,,,NULL,,NULL,,NULL,
etherscan-api-standard-full-archive,Etherscan,,"[""[Buy](https://etherscan.io/apis#pricing-plan)"",""[Docs](https://docs.etherscan.io/introduction)""]",Standard,Tiered,Archive,Custom,Custom,$199/mo,,FALSE,FALSE,"[""Account APIs"",""Transactions APIs"",""Blocks APIs"",""Contracts APIs"",""Logs APIs"",""Gas Tracker APIs""]","[""10 calls/s limit"",""up to 200K API calls/day""]","[""API Key Authentication"",""Rate Limiting"",""Error Handling and Abuse Detection"",""API Key Limits""]","[""Real-Time Monitoring via API Endpoints"",""Daily & Historical Metrics"",""Charts & Statistics Dashboard""]","[""Global""]","[""Unified Multichain Support"",""Expanded API Endpoint Categories"",""L2 Deposit & Withdrawal Endpoints""]",null,,,NULL,,NULL,,NULL,
getblock-advanced-full-archive,GetBlock,,"[""[Buy](https://account.getblock.io/sign-up?ref=YzczMmRjMTEtMGIyOC01YmZiLTlmNjAtZmRlM2VkODAyYjNk)"",""[Docs](https://docs.getblock.io/)""]",Advanced,Tiered,Archive,RPC,EVM JSON-RPC,$199/mo,$0.9/1M CUs,FALSE,FALSE,"[""Algorand Native API"",""Indexer API"",""Algo API"",""NFTs"",""WebSockets""]","[""220M CUs"",""300 RPS"",""25 Access Tokens""]","[""Privacy Protected Relays"",""Transaction Sanitizers"",""Dedicated nodes with enterprise-grade security"",""Multi-region infrastructure""]","[""Real-time performance tracking"",""Advanced monitoring and analytics""]","[""EU"",""USA"",""APAC""]",,,,99.98%,NULL,NULL,NULL,NULL,NULL,
getblock-advanced-recent-state,GetBlock,,"[""[Buy](https://account.getblock.io/sign-up?ref=YzczMmRjMTEtMGIyOC01YmZiLTlmNjAtZmRlM2VkODAyYjNk)"",""[Docs](https://docs.getblock.io/)""]",Advanced,Tiered,Pruned,RPC,EVM JSON-RPC,$199/mo,$0.9/1M CUs,FALSE,FALSE,"[""Algorand Native API"",""Indexer API"",""Algo API"",""NFTs"",""WebSockets""]","[""220M CUs"",""300 RPS"",""25 Access Tokens""]","[""Privacy Protected Relays"",""Transaction Sanitizers"",""Dedicated nodes with enterprise-grade security"",""Multi-region infrastructure""]","[""Real-time performance tracking"",""Advanced monitoring and analytics""]","[""EU"",""USA"",""APAC""]",,,,99.98%,NULL,NULL,NULL,NULL,NULL,
getblock-dedicated-full-archive,GetBlock,,"[""[Contact](https://account.getblock.io/sign-up?ref=YzczMmRjMTEtMGIyOC01YmZiLTlmNjAtZmRlM2VkODAyYjNk)"",""[Docs](https://docs.getblock.io/)""]",,Dedicated,Archive,RPC,EVM JSON-RPC,up to 1.5K/mo,Custom,FALSE,FALSE,"[""Algorand Native API"",""Indexer API"",""Algo API"",""NFTs"",""WebSockets""]","[""custom limits"",""unlimited requests"",""unlimited rate limit""]","[""Privacy Protected Relays"",""Transaction Sanitizers"",""Dedicated nodes with enterprise-grade security"",""Multi-region infrastructure""]","[""Real-time performance tracking"",""Advanced monitoring and analytics""]","[""EU"",""USA"",""APAC""]",,,,99.99%,NULL,NULL,NULL,NULL,NULL,
getblock-dedicated-recent-state,GetBlock,,"[""[Contact](https://account.getblock.io/sign-up?ref=YzczMmRjMTEtMGIyOC01YmZiLTlmNjAtZmRlM2VkODAyYjNk)"",""[Docs](https://docs.getblock.io/)""]",,Dedicated,Pruned,RPC,EVM JSON-RPC,up to 1K/mo,Custom,FALSE,FALSE,"[""Algorand Native API"",""Indexer API"",""Algo API"",""NFTs"",""WebSockets""]","[""custom limits"",""unlimited requests"",""unlimited rate limit""]","[""Privacy Protected Relays"",""Transaction Sanitizers"",""Dedicated nodes with enterprise-grade security"",""Multi-region infrastructure""]","[""Real-time performance tracking"",""Advanced monitoring and analytics""]","[""EU"",""USA"",""APAC""]",,,,99.99%,NULL,NULL,NULL,NULL,NULL,
getblock-enterprise-full-archive,GetBlock,,"[""[Contact](https://account.getblock.io/sign-up?ref=YzczMmRjMTEtMGIyOC01YmZiLTlmNjAtZmRlM2VkODAyYjNk)"",""[Docs](https://docs.getblock.io/)""]",,Enterprise,Archive,RPC,EVM JSON-RPC,Custom,Custom,FALSE,FALSE,"[""Algorand Native API"",""Indexer API"",""Algo API"",""NFTs"",""WebSockets""]","[""Custom limits""]","[""Privacy Protected Relays"",""Transaction Sanitizers"",""Dedicated nodes with enterprise-grade security"",""Multi-region infrastructure""]","[""Real-time performance tracking"",""Advanced monitoring and analytics""]","[""EU"",""USA"",""APAC""]",,,,99.99%,NULL,NULL,NULL,NULL,NULL,
getblock-enterprise-recent-state,GetBlock,,"[""[Contact](https://account.getblock.io/sign-up?ref=YzczMmRjMTEtMGIyOC01YmZiLTlmNjAtZmRlM2VkODAyYjNk)"",""[Docs](https://docs.getblock.io/)""]",,Enterprise,Pruned,RPC,EVM JSON-RPC,Custom,Custom,FALSE,FALSE,"[""Algorand Native API"",""Indexer API"",""Algo API"",""NFTs"",""WebSockets""]","[""Custom limits""]","[""Privacy Protected Relays"",""Transaction Sanitizers"",""Dedicated nodes with enterprise-grade security"",""Multi-region infrastructure""]","[""Real-time performance tracking"",""Advanced monitoring and analytics""]","[""EU"",""USA"",""APAC""]",,,,99.99%,NULL,NULL,NULL,NULL,NULL,
getblock-free-recent-state,GetBlock,,"[""[Website](https://account.getblock.io/sign-up?ref=YzczMmRjMTEtMGIyOC01YmZiLTlmNjAtZmRlM2VkODAyYjNk)"",""[Docs](https://docs.getblock.io/)""]",,Free,Pruned,RPC,EVM JSON-RPC,$0,$0,FALSE,FALSE,"[""Algorand Native API"",""Indexer API"",""Algo API"",""NFTs"",""WebSockets""]","[""50K CUs"",""20 RPS"",""2 Access Tokens""]","[""Privacy Protected Relays"",""Transaction Sanitizers"",""Dedicated nodes with enterprise-grade security"",""Multi-region infrastructure""]","[""Real-time performance tracking"",""Advanced monitoring and analytics""]","[""EU"",""USA"",""APAC""]",,,,99.98%,NULL,NULL,NULL,NULL,NULL,
getblock-pro-full-archive,GetBlock,,"[""[Buy](https://account.getblock.io/sign-up?ref=YzczMmRjMTEtMGIyOC01YmZiLTlmNjAtZmRlM2VkODAyYjNk)"",""[Docs](https://docs.getblock.io/)""]",Pro,Tiered,Archive,RPC,EVM JSON-RPC,$499/mo,$0.83/1M CUs,FALSE,FALSE,"[""Algorand Native API"",""Indexer API"",""Algo API"",""NFTs"",""WebSockets""]","[""600M CUs"",""500 RPS"",""50 Access Tokens""]","[""Privacy Protected Relays"",""Transaction Sanitizers"",""Dedicated nodes with enterprise-grade security"",""Multi-region infrastructure""]","[""Real-time performance tracking"",""Advanced monitoring and analytics""]","[""EU"",""USA"",""APAC""]",,,,99.98%,NULL,NULL,NULL,NULL,NULL,
getblock-pro-recent-state,GetBlock,,"[""[Buy](https://account.getblock.io/sign-up?ref=YzczMmRjMTEtMGIyOC01YmZiLTlmNjAtZmRlM2VkODAyYjNk)"",""[Docs](https://docs.getblock.io/)""]",Pro,Tiered,Pruned,RPC,EVM JSON-RPC,$499/mo,$0.83/1M CUs,FALSE,FALSE,"[""Algorand Native API"",""Indexer API"",""Algo API"",""NFTs"",""WebSockets""]","[""600M CUs"",""500 RPS"",""50 Access Tokens""]","[""Privacy Protected Relays"",""Transaction Sanitizers"",""Dedicated nodes with enterprise-grade security"",""Multi-region infrastructure""]","[""Real-time performance tracking"",""Advanced monitoring and analytics""]","[""EU"",""USA"",""APAC""]",,,,99.98%,NULL,NULL,NULL,NULL,NULL,
getblock-starter-full-archive,GetBlock,,"[""[Buy](https://account.getblock.io/sign-up?ref=YzczMmRjMTEtMGIyOC01YmZiLTlmNjAtZmRlM2VkODAyYjNk)"",""[Docs](https://docs.getblock.io/)""]",Starter,Tiered,Archive,RPC,EVM JSON-RPC,$49/mo,$0.98/1M CUs,FALSE,FALSE,"[""Algorand Native API"",""Indexer API"",""Algo API"",""NFTs"",""WebSockets""]","[""50M CUs"",""100 RPS"",""10 Access Tokens""]","[""Privacy Protected Relays"",""Transaction Sanitizers"",""Dedicated nodes with enterprise-grade security"",""Multi-region infrastructure""]","[""Real-time performance tracking"",""Advanced monitoring and analytics""]","[""EU"",""USA"",""APAC""]",,,,99.98%,NULL,NULL,NULL,NULL,NULL,
getblock-starter-recent-state,GetBlock,,"[""[Buy](https://account.getblock.io/sign-up?ref=YzczMmRjMTEtMGIyOC01YmZiLTlmNjAtZmRlM2VkODAyYjNk)"",""[Docs](https://docs.getblock.io/)""]",Starter,Tiered,Pruned,RPC,EVM JSON-RPC,$49/mo,$0.98/1M CUs,FALSE,FALSE,"[""Algorand Native API"",""Indexer API"",""Algo API"",""NFTs"",""WebSockets""]","[""50M CUs"",""100 RPS"",""10 Access Tokens""]","[""Privacy Protected Relays"",""Transaction Sanitizers"",""Dedicated nodes with enterprise-grade security"",""Multi-region infrastructure""]","[""Real-time performance tracking"",""Advanced monitoring and analytics""]","[""EU"",""USA"",""APAC""]",,,,99.98%,NULL,NULL,NULL,NULL,NULL,
ghostgraph-enterprise-indexer,GhostGraph,,"[""[Website](https://tryghost.xyz/graph)""]",,Enterprise,Archive,Indexed Data,Custom,Custom,Custom pricing & SLAs,FALSE,FALSE,"[""GraphQL"",""SQL""]","[""Unlimited deployed graphs""]","[""DDoS Protection"",""IP Protection""]","[""Indexer logs"",""Usage analitycs"",""GhostLogs trial""]","[""Global""]","[""Priority Telegram support"",""Community library"",""Proxy finder"",""Mirroring"",""Dune incremental uploads""]",null,,,NULL,,NULL,,NULL,
ghostgraph-free-indexer,GhostGraph,,"[""[Website](https://tryghost.xyz/graph)""]",,Free,Archive,Indexed Data,Custom,$0,$0,FALSE,FALSE,"[""GraphQL""]","[""2 deployed graphs"",""6 queries/sec"",""500 queries/min with key"",""30 queries/min without key"",""300K entities""]","[""DDoS Protection"",""IP Protection""]","[""Indexer logs"",""Usage analitycs""]","[""Global""]","[""Telegram support"",""Community library""]",null,,,NULL,,NULL,,NULL,
ghostgraph-pay-as-you-go-indexer,GhostGraph,,"[""[Website](https://tryghost.xyz/graph)""]",,Tiered,Archive,Indexed Data,Custom,$49/$249,$50/$25 per 1M extra entities,FALSE,FALSE,"[""GraphQL""]","[""10/30 deployed graphs"",""10/40 queries/sec"",""2M/20M queries"",""500K/5M entities""]","[""DDoS Protection"",""IP Protection""]","[""Indexer logs"",""Usage analitycs""]","[""Global""]","[""Telegram support"",""Community library"",""Proxy finder""]",null,,,NULL,,NULL,,NULL,
ginco-enterprise-indexer,Ginco,,"[""[Contact](https://docs.google.com/forms/d/1rKy3X2VSBDe8YtQKw6TyqkIc98R9Kj42j_OL1120SFQ/viewform?edit_requested=true)""]",,Enterprise,Archive,Indexed Data,Custom,Custom,Custom,FALSE,TRUE,"[""eth_getBalance"",""eth_sendTransaction"",""eth_call""]","[""Custom""]","[""Data Protection"",""Access Control"",""Constant Monitoring""]","[""High Availability and Performance Metric"",""Operational Dashboard and Analytics"",""Transaction History and Tracking""]","[""Japan""]","[""Real-Time Notifications"",""Token & NFT Tracking"",""Integrated Web3 Cloud Platform"",""High Reliability and Low Latency""]",null,,99.99%,NULL,,NULL,,NULL,
ginco-enterprise-recent-state,Ginco,,"[""[Contact](https://docs.google.com/forms/d/1rKy3X2VSBDe8YtQKw6TyqkIc98R9Kj42j_OL1120SFQ/viewform?edit_requested=true)""]",,Enterprise,Pruned,RPC,EVM JSON-RPC,Custom,Custom,FALSE,TRUE,"[""eth_getBalance"",""eth_sendTransaction"",""eth_call""]","[""Custom""]","[""Data Protection"",""Access Control"",""Constant Monitoring""]","[""High Availability and Performance Metric"",""Operational Dashboard and Analytics"",""Transaction History and Tracking""]","[""Japan""]","[""Real-Time Notifications"",""Token & NFT Tracking"",""Integrated Web3 Cloud Platform"",""High Reliability and Low Latency""]",null,,99.99%,NULL,,NULL,,NULL,
ginco-free-indexer,Ginco,,"[""[Website](https://www.ginco.com/nodes)""]",,Free,Archive,Indexed Data,Custom,$0 ,$0 ,FALSE,TRUE,"[""eth_getBalance"",""eth_sendTransaction"",""eth_call""]",,"[""Data Protection"",""Access Control"",""Constant Monitoring""]","[""High Availability and Performance Metric"",""Operational Dashboard and Analytics"",""Transaction History and Tracking""]","[""Japan""]","[""Real-Time Notifications"",""Token & NFT Tracking"",""Integrated Web3 Cloud Platform"",""High Reliability and Low Latency""]",null,,99.99%,NULL,,NULL,,NULL,
ginco-free-recent-state,Ginco,,"[""[Website](https://www.ginco.com/nodes)""]",,Free,Pruned,RPC,EVM JSON-RPC,$0,$0,FALSE,TRUE,"[""eth_getBalance"",""eth_sendTransaction"",""eth_call""]",,"[""Data Protection"",""Access Control"",""Constant Monitoring""]","[""High Availability and Performance Metric"",""Operational Dashboard and Analytics"",""Transaction History and Tracking""]","[""Japan""]","[""Real-Time Notifications"",""Token & NFT Tracking"",""Integrated Web3 Cloud Platform"",""High Reliability and Low Latency""]",null,,99.99%,NULL,,NULL,,NULL,
goldrush-enterprise-indexer,Covalent,,"[""[Website](https://goldrush.dev/)"",""[Docs](https://goldrush.dev/docs/overview)"",""[Pricing](https://goldrush.dev/pricing/)""]",,Enterprise,Archive,Indexed Data,Unified Data API,Custom,Custom pricing & SLAs,FALSE,FALSE,"[""REST API""]","[""Custom limits""]","[""Secure data pipelines""]","[""Advanced analytics""]","[""Global""]","[""Custom enterprise features""]",null,,,NULL,,NULL,,NULL,
goldrush-free-indexer,Covalent,,"[""[Website](https://goldrush.dev/)"",""[Docs](https://goldrush.dev/docs/overview)"",""[Pricing](https://goldrush.dev/pricing/)""]",,Free,Archive,Indexed Data,Unified Data API,$0 (14 Day Free Trial),null,FALSE,FALSE,"[""REST API""]","[""4 req/s"",""25K API credits""]","[""Secure data pipelines""]","[""API logs"",""Usage statistics""]","[""Global""]","[""Historic & real-time blockchain data""]",null,,,NULL,,NULL,,NULL,
goldrush-pay-as-you-go-indexer,Covalent,,"[""[Website](https://goldrush.dev/)"",""[Docs](https://goldrush.dev/docs/overview)"",""[Pricing](https://goldrush.dev/pricing/)""]",,Dedicated,Archive,Indexed Data,Unified Data API,$250,$770/1M Credits,FALSE,FALSE,"[""REST API""]","[""50 req/s"",""300K API credits""]","[""Secure data pipelines""]","[""API logs"",""Usage statistics""]","[""Global""]","[""Historic & real-time blockchain data""]",null,,,NULL,,NULL,,NULL,
goldsky-enterprise-indexer,Goldsky,,"[""[Website](https://goldsky.com/products/subgraphs)"",""[Docs](https://docs.goldsky.com/subgraphs/introduction)"",""[Pricing](https://goldsky.com/pricing)""]",,Enterprise,Archive,Indexed Data,The Graph,Custom,$10/1M entities stored,FALSE,FALSE,"[""GraphQL""]","[""1K+ RPC/10s"",""Unlimited subgraphs""]","[""DDoS Protection"",""IP Protection"",""Dedicated infrastructure""]","[""Subgraph logs"",""Usage analytics"",""Custom dashboards""]","[""Global""]","[""Real-time Mirror Pipelines"",""Slack and Email support"",""Managed onboarding"",""White-label endpoints"",""Customized caching"", ""4 hours SLA"",""Subgraphs"",""Webhooks""]",null,,,NULL,,NULL,,NULL,
goldsky-free-indexer,Goldsky,,"[""[Website](https://goldsky.com/products/subgraphs)"",""[Docs](https://docs.goldsky.com/subgraphs/introduction)"",""[Pricing](https://docs.goldsky.com/pricing/summary)""]",,Free,Archive,Indexed Data,The Graph,$0,$0,FALSE,FALSE,"[""GraphQL""]","[""20 RPC/10s"",""100K entities stored"",""3 custom subgraphs""]","[""DDoS Protection"",""IP Protection""]","[""Subgraph logs"",""Usage analytics""]","[""Global""]","[""Real-time Mirror Pipelines"",""Email support"",""Subgraphs"",""Webhooks""]",null,,,NULL,,NULL,,NULL,
goldsky-pay-as-you-go-indexer,Goldsky,,"[""[Website](https://goldsky.com/products/subgraphs)"",""[Docs](https://docs.goldsky.com/subgraphs/introduction)"",""[Pricing](https://docs.goldsky.com/pricing/summary)""]",,Tiered,Archive,Indexed Data,The Graph,$37/mo,$40/1M entities stored,FALSE,TRUE,"[""GraphQL""]","[""50 RPC/10s"",""Unlimited subgraphs""]","[""DDoS Protection"",""IP Protection""]","[""Subgraph logs"",""Usage analytics""]","[""Global""]","[""Real-time Mirror Pipelines"",""Email support"",""Custom indexing"",""Subgraphs"",""Webhooks""]",null,,,NULL,,NULL,,NULL,
indexing-co-enterprise-indexer,The Indexing Company,,"[""[Docs](https://docs.indexing.co/guide/overview)"",""[Contact Sales](mailto:hello@indexing.co)""]",,Enterprise,Archive,Indexed Data,Custom,Custom,Custom pricing & SLAs,FALSE,FALSE,"[""SQL"",""REST"",""Webhooks""]","[""Unlimited networks"",""Unlimited transformations"",""Private Node & RPC ingestion"",""Custom delivery architecture""]","[""Dedicated nodes"",""Private networking"",""DDoS Protection"",""IP Whitelisting"",""Private Endpoints"",""Secure API Keys"",""End-to-end encryption""]","[""Advanced monitoring"",""Uptime analytics""]","[""Global""]","[""Hybrid cloud/bare metal delivery"",""Compliance-ready infra"",""Priority support""]",null,,99.95%,NULL,0,NULL,Guaranteed,NULL,24/7 priority support
indexing-co-free-indexer,The Indexing Company,,"[""[Docs](https://docs.indexing.co/guide/overview)"",""[Contact Sales](mailto:hello@indexing.co)""]",,Free,Archive,Indexed Data,Custom,$0,Included,FALSE,FALSE,"[""SQL"",""REST"",""Webhooks""]","[""Any network"",""Up to 10K filtered blocks""]","[""DDoS Protection"",""IP Whitelisting"",""Private Endpoints"",""Secure API Keys"",""End-to-end encryption""]","[""Basic logs"",""Usage dashboard""]","[""Global""]","[""PostgreSQL delivery"",""Webhook delivery"",""Auto-schema generation""]",null,,99.50%,NULL,2,NULL,,NULL,Standard Support
indexing-co-pay-as-you-go-indexer,The Indexing Company,,"[""[Docs](https://docs.indexing.co/guide/overview)"",""[Contact Sales](mailto:hello@indexing.co)""]",,Pay-as-you-go,Archive,Indexed Data,Custom,Usage-based/Subscription-based,Included,FALSE,FALSE,"[""SQL"",""REST"",""Webhooks""]","[""Up to 3/up to 10 networks"",""Wallet & ERC20 tracking"",""Multi-chain decoding (swaps, bridges, payments)"",""Custom transformations"",""Historical + real-time stream"",""Schema mapping design""]","[""DDoS Protection"",""IP Whitelisting"",""Private Endpoints"",""Secure API Keys"",""End-to-end encryption""]","[""Pipeline logs"",""Delivery metrics"",""Logs"",""Analytics"",""Alerting & Monitoring""]","[""Global""]","[""Slack & Email support"",""PostgreSQL delivery"",""Webhook delivery"",""Dedicated Support Engineer"",""SLA-backed uptime"",""System Integration support""]",null,,99.90%/99.95%,NULL,2/(1),NULL,Guaranteed,NULL,Standard Support/Dedicated Support
infstones-enterprise-full-archive,InfStones,,"[""[Website](https://infstones.com/)"",""[Docs](https://docs.infstones.com/)""]",,Enterprise,Archive,RPC,EVM JSON-RPC,Custom,Custom,FALSE,FALSE,"[""Node"",""Staking"",""API""]","[""Custom limits""]","[""Annual third-party penetration testing and audits"",""Secure AWS and OCI infrastructure"",""AI-automated vulnerability scanning"",""Fraud checks"",""Background checks""]","[""Block Watch feature"",""Real-time dashboard"",""Detailed performance analytics""]","[""Global""]","[""Block Watch"",""Full automation for node ops"",""Power Node"",""Fast API"",""Safe Stake""]",,,,NULL,,NULL,,NULL,
infstones-enterprise-recent-state,InfStones,,"[""[Website](https://infstones.com/)"",""[Docs](https://docs.infstones.com/)""]",,Enterprise,Pruned,RPC,EVM JSON-RPC,Custom,Custom,FALSE,FALSE,"[""Node"",""Staking"",""API""]","[""Custom limits""]","[""Annual third-party penetration testing and audits"",""Secure AWS and OCI infrastructure"",""AI-automated vulnerability scanning"",""Fraud checks"",""Background checks""]","[""Block Watch feature"",""Real-time dashboard"",""Detailed performance analytics""]","[""Global""]","[""Block Watch"",""Full automation for node ops"",""Power Node"",""Fast API"",""Safe Stake""]",,,,NULL,,NULL,,NULL,
infstones-expansion-full-archive,InfStones,,"[""[Website](https://infstones.com/)"",""[Docs](https://docs.infstones.com/)""]",Expansion,Tiered,Archive,RPC,EVM JSON-RPC,$1.5K/mo,,FALSE,FALSE,"[""Node"",""Staking"",""API""]","[""30B req cost + $0.08 per additional million"",""1.5K reqs/s"",""unlimited projects""]","[""Annual third-party penetration testing and audits"",""Secure AWS and OCI infrastructure"",""AI-automated vulnerability scanning"",""Fraud checks"",""Background checks""]","[""Block Watch feature"",""Real-time dashboard"",""Detailed performance analytics""]","[""Global""]","[""Block Watch"",""Full automation for node ops"",""Power Node"",""Fast API"",""Safe Stake""]",,,,NULL,,NULL,,NULL,
infstones-expansion-recent-state,InfStones,,"[""[Website](https://infstones.com/)"",""[Docs](https://docs.infstones.com/)""]",Expansion,Tiered,Pruned,RPC,EVM JSON-RPC,$1.5K/mo,,FALSE,FALSE,"[""Node"",""Staking"",""API""]","[""30B req cost + $0.08 per additional million"",""1.5K reqs/s"",""unlimited projects""]","[""Annual third-party penetration testing and audits"",""Secure AWS and OCI infrastructure"",""AI-automated vulnerability scanning"",""Fraud checks"",""Background checks""]","[""Block Watch feature"",""Real-time dashboard"",""Detailed performance analytics""]","[""Global""]","[""Block Watch"",""Full automation for node ops"",""Power Node"",""Fast API"",""Safe Stake""]",,,,NULL,,NULL,,NULL,
infstones-free-full-archive,InfStones,,"[""[Website](https://infstones.com/)"",""[Docs](https://docs.infstones.com/)""]",,Free,Archive,RPC,EVM JSON-RPC,$0,$0,FALSE,FALSE,"[""Node"",""Staking"",""API""]","[""30M req cost"",""15 reqs/s"",""1 project""]","[""Annual third-party penetration testing and audits"",""Secure AWS and OCI infrastructure"",""AI-automated vulnerability scanning"",""Fraud checks"",""Background checks""]","[""Block Watch feature"",""Real-time dashboard"",""Detailed performance analytics""]","[""Global""]","[""Block Watch"",""Full automation for node ops"",""Power Node"",""Fast API"",""Safe Stake""]",,,,NULL,,NULL,,NULL,
infstones-free-recent-state,InfStones,,"[""[Website](https://infstones.com/)"",""[Docs](https://docs.infstones.com/)""]",,Free,Pruned,RPC,EVM JSON-RPC,$0,$0,FALSE,FALSE,"[""Node"",""Staking"",""API""]","[""30M req cost"",""15 reqs/s"",""1 project""]","[""Annual third-party penetration testing and audits"",""Secure AWS and OCI infrastructure"",""AI-automated vulnerability scanning"",""Fraud checks"",""Background checks""]","[""Block Watch feature"",""Real-time dashboard"",""Detailed performance analytics""]","[""Global""]","[""Block Watch"",""Full automation for node ops"",""Power Node"",""Fast API"",""Safe Stake""]",,,,NULL,,NULL,,NULL,
infstones-growth-full-archive,InfStones,,"[""[Website](https://infstones.com/)"",""[Docs](https://docs.infstones.com/)""]",Growth,Tiered,Archive,RPC,EVM JSON-RPC,$299/mo,,FALSE,FALSE,"[""Node"",""Staking"",""API""]","[""3.6B req cost + $0.15 per additional million"",""480 reqs/s"",""100 projects""]","[""Annual third-party penetration testing and audits"",""Secure AWS and OCI infrastructure"",""AI-automated vulnerability scanning"",""Fraud checks"",""Background checks""]","[""Block Watch feature"",""Real-time dashboard"",""Detailed performance analytics""]","[""Global""]","[""Block Watch"",""Full automation for node ops"",""Power Node"",""Fast API"",""Safe Stake""]",,,,NULL,,NULL,,NULL,
infstones-growth-recent-state,InfStones,,"[""[Website](https://infstones.com/)"",""[Docs](https://docs.infstones.com/)""]",Growth,Tiered,Pruned,RPC,EVM JSON-RPC,$299/mo,,FALSE,FALSE,"[""Node"",""Staking"",""API""]","[""3.6B req cost + $0.15 per additional million"",""480 reqs/s"",""100 projects""]","[""Annual third-party penetration testing and audits"",""Secure AWS and OCI infrastructure"",""AI-automated vulnerability scanning"",""Fraud checks"",""Background checks""]","[""Block Watch feature"",""Real-time dashboard"",""Detailed performance analytics""]","[""Global""]","[""Block Watch"",""Full automation for node ops"",""Power Node"",""Fast API"",""Safe Stake""]",,,,NULL,,NULL,,NULL,
infstones-startup-full-archive,InfStones,,"[""[Website](https://infstones.com/)"",""[Docs](https://docs.infstones.com/)""]",Startup,Tiered,Archive,RPC,EVM JSON-RPC,$19/mo,,FALSE,FALSE,"[""Node"",""Staking"",""API""]","[""150M req cost + $0.5 per additional million"",""60 reqs/s"",""10 projects""]","[""Annual third-party penetration testing and audits"",""Secure AWS and OCI infrastructure"",""AI-automated vulnerability scanning"",""Fraud checks"",""Background checks""]","[""Block Watch feature"",""Real-time dashboard"",""Detailed performance analytics""]","[""Global""]","[""Block Watch"",""Full automation for node ops"",""Power Node"",""Fast API"",""Safe Stake""]",,,,NULL,,NULL,,NULL,
infstones-startup-recent-state,InfStones,,"[""[Website](https://infstones.com/)"",""[Docs](https://docs.infstones.com/)""]",Startup,Tiered,Pruned,RPC,EVM JSON-RPC,$19/mo,,FALSE,FALSE,"[""Node"",""Staking"",""API""]","[""150M req cost + $0.5 per additional million"",""60 reqs/s"",""10 projects""]","[""Annual third-party penetration testing and audits"",""Secure AWS and OCI infrastructure"",""AI-automated vulnerability scanning"",""Fraud checks"",""Background checks""]","[""Block Watch feature"",""Real-time dashboard"",""Detailed performance analytics""]","[""Global""]","[""Block Watch"",""Full automation for node ops"",""Power Node"",""Fast API"",""Safe Stake""]",,,,NULL,,NULL,,NULL,
infura-core-full-archive,Infura,,"[""[Website](https://www.infura.io/)"",""[Docs](https://docs.metamask.io/services/)""]",Core,Free,Archive,RPC,EVM JSON-RPC,$0,,FALSE,FALSE,"[""Gas API"",""Trace API"",""Expansion API""]","[""3M credits/day with throughput 500 credits/sec"",""1 API Key"",""100K reqs/day including up to 25K archive reqs/day""]","[""Enterprise-grade security""]","[""Usage analytics"",""Credit-based monitoring""]","[""Global""]","[""IPFS API & Gateway"",""MetaMask SDK & Tools"",""Decentralized Infrastructure Network""]",null,,NULL,NULL,NULL,NULL,NULL,NULL,
infura-core-recent-state,Infura,,"[""[Website](https://www.infura.io/)"",""[Docs](https://docs.metamask.io/services/)""]",Core,Free,Pruned,RPC,EVM JSON-RPC,$0,,FALSE,FALSE,"[""Gas API"",""Trace API"",""Expansion API""]","[""3M credits/day with throughput 500 credits/sec"",""1 API Key""]","[""Enterprise-grade security""]","[""Usage analytics"",""Credit-based monitoring""]","[""Global""]","[""IPFS API & Gateway"",""MetaMask SDK & Tools"",""Decentralized Infrastructure Network""]",null,,NULL,NULL,NULL,NULL,NULL,NULL,
infura-developer-full-archive,Infura,,"[""[Buy](https://www.infura.io/pricing)"",""[Docs](https://docs.metamask.io/services/)""]",Developer,Tiered,Archive,RPC,EVM JSON-RPC,$50/mo,,FALSE,FALSE,"[""Gas API"",""Trace API"",""Expansion API""]","[""15M credits/day with throughput 4K credits/sec"",""5 API Keys"",""200K reqs/day including 100K archive reqs/day""]","[""Enterprise-grade security""]","[""Detailed usage analytics"",""Flex billing""]","[""Global""]","[""IPFS API & Gateway"",""MetaMask SDK & Tools"",""Decentralized Infrastructure Network""]",null,,NULL,NULL,NULL,NULL,NULL,NULL,
infura-developer-recent-state,Infura,,"[""[Buy](https://www.infura.io/pricing)"",""[Docs](https://docs.metamask.io/services/)""]",Developer,Tiered,Pruned,RPC,EVM JSON-RPC,$50/mo,,FALSE,FALSE,"[""Gas API"",""Trace API"",""Expansion API""]","[""15M credits/day with throughput 4K credits/sec"",""5 API Keys""]","[""Enterprise-grade security""]","[""Detailed usage analytics"",""Flex billing""]","[""Global""]","[""IPFS API & Gateway"",""MetaMask SDK & Tools"",""Decentralized Infrastructure Network""]",null,,NULL,NULL,NULL,NULL,NULL,NULL,
infura-enterprise-full-archive,Infura,,"[""[Contact](https://www.infura.io/contact)"",""[Docs](https://docs.metamask.io/services/)""]",,Enterprise,Archive,RPC,EVM JSON-RPC,Custom,,FALSE,FALSE,"[""Gas API"",""Trace API"",""Expansion API""]","[""custom limits""]","[""Advanced security, support SLA""]","[""Advanced analytics"",""Custom dashboards"",""Crypto payments""]","[""Global""]","[""IPFS API & Gateway"",""MetaMask SDK & Tools"",""Decentralized Infrastructure Network""]",null,,NULL,NULL,NULL,NULL,NULL,NULL,
infura-enterprise-recent-state,Infura,,"[""[Contact](https://www.infura.io/contact)"",""[Docs](https://docs.metamask.io/services/)""]",,Enterprise,Pruned,RPC,EVM JSON-RPC,Custom,,FALSE,FALSE,"[""Gas API"",""Trace API"",""Expansion API""]","[""custom limits""]","[""Advanced security, support SLA""]","[""Advanced analytics"",""Custom dashboards"",""Crypto payments""]","[""Global""]","[""IPFS API & Gateway"",""MetaMask SDK & Tools"",""Decentralized Infrastructure Network""]",null,,NULL,NULL,NULL,NULL,NULL,NULL,
infura-team-full-archive,Infura,,"[""[Buy](https://www.infura.io/pricing)"",""[Docs](https://docs.metamask.io/services/)""]",Team,Tiered,Archive,RPC,EVM JSON-RPC,$225/mo,,FALSE,FALSE,"[""Gas API"",""Trace API"",""Expansion API""]","[""75M credits/day with throughput 40K credits/sec"",""unlimited API Keys"",""1M reqs/day including 1M archive reqs/day""]","[""Enterprise-grade security""]","[""Detailed usage analytics"",""Flex billing""]","[""Global""]","[""IPFS API & Gateway"",""MetaMask SDK & Tools"",""Decentralized Infrastructure Network""]",null,,NULL,NULL,NULL,NULL,NULL,NULL,
infura-team-recent-state,Infura,,"[""[Buy](https://www.infura.io/pricing)"",""[Docs](https://docs.metamask.io/services/)""]",Team,Tiered,Pruned,RPC,EVM JSON-RPC,$225/mo,,FALSE,FALSE,"[""Gas API"",""Trace API"",""Expansion API""]","[""75M credits/day with throughput 40K credits/sec"",""unlimited API Keys""]","[""Enterprise-grade security""]","[""Detailed usage analytics"",""Flex billing""]","[""Global""]","[""IPFS API & Gateway"",""MetaMask SDK & Tools"",""Decentralized Infrastructure Network""]",null,,NULL,NULL,NULL,NULL,NULL,NULL,
lavanetwork-public-recent-state,Lava Network,,"[""[Docs](https://docs.lavanet.xyz/public-rpc-endpoints/)""]",,Public,Pruned,RPC,EVM JSON-RPC,$0,$0,FALSE,FALSE,"[""All read methods + MPoolPush""]",,"[""Domain name protection""]",,,,,,,NULL,NULL,NULL,NULL,NULL,
lens-protocol-api,Lens,Lens Protocol,"[""[Docs](https://lens.xyz/docs/protocol/)"",""[Playground](https://api.lens.xyz/graphql)""]",,Free,Pruned,Custom,GraphQL,$0,$0,FALSE,FALSE,"[""Social Graph"",""Accounts"",""Posts"",""Feeds"",""Groups"",""Authentication"",""Search""]","[""Public API Rate Limits""]",,"[""GraphQL playground""]","[""Global""]","[""Server API Key support"",""TypeScript SDK support""]",,,,NULL,NULL,NULL,NULL,NULL,
lens-public-rpc,Lens,Public RPC,"[""[Docs](https://lens.xyz/docs/chain/overview)""]",,Public,Pruned,RPC,EVM JSON-RPC,$0,$0,TRUE,FALSE,"[""eth"",""web3"",""net""]",,,,"[""Global""]",,,,null,null,null,null,null,null,
lens-rindexer-indexer,Lens,Rindexer,"[""[Docs](https://lens.xyz/docs/chain/tools/data-indexers/rindexer)""]",,Free,Archive,Indexed Data,GraphQL,$0,$0,FALSE,FALSE,"[""GraphQL""]","[""Self-hosted"",""Requires RPC backend""]",,,"[""Global""]","[""No-code YAML config"",""Rust indexer"",""Local GraphQL endpoint"",""PostgreSQL storage""]",null,,null,null,null,null,null,null,null
llamanodes-premium-full-archive,LlamaNodes,,"[""[Website](https://llamanodes.com/)"",""[Docs](https://llamanodes.notion.site/LlamaNodes-7c1ba02f174b45d1adff219b543c277f)""]",Premium,Pay-as-you-go,Archive,RPC,EVM JSON-RPC,$0,$0.4/1M CUs,FALSE,FALSE,"[""Low latency"",""Advanced monitoring tools"",""Archived data access"",""Multi-chain support"",""Privacy-conscious access""]","[""Unlimited reqs/mo"",""Unlimited endpoints""]","[""MEV protection"",""Fast transaction execution with MEV shielding"",""Privacy-focused design""]","[""Advanced monitoring""]","[""Global""]","[""Intelligent caching"",""Archival auto-routing""]",,,,NULL,NULL,NULL,NULL,NULL,
llamanodes-premium-recent-state,LlamaNodes,,"[""[Website](https://llamanodes.com/)"",""[Docs](https://llamanodes.notion.site/LlamaNodes-7c1ba02f174b45d1adff219b543c277f)""]",Premium,Pay-as-you-go,Pruned,RPC,EVM JSON-RPC,$0,$0.4/1M CUs,FALSE,FALSE,"[""Low latency"",""Advanced monitoring tools"",""Archived data access"",""Multi-chain support"",""Privacy-conscious access""]","[""Unlimited reqs/mo"",""Unlimited endpoints""]","[""MEV protection"",""Fast transaction execution with MEV shielding"",""Privacy-focused design""]","[""Advanced monitoring""]","[""Global""]","[""Intelligent caching"",""Archival auto-routing""]",,,,NULL,NULL,NULL,NULL,NULL,
llamanodes-public-recent-state,LlamaNodes,,"[""[Website](https://llamanodes.com/)"",""[Docs](https://llamanodes.notion.site/LlamaNodes-7c1ba02f174b45d1adff219b543c277f)""]",,Public,Pruned,RPC,EVM JSON-RPC,$0,$0,FALSE,FALSE,"[""Low latency"",""Advanced monitoring tools"",""Archived data access"",""Multi-chain support"",""Privacy-conscious access""]","[""864K reqs/day"",""10 RPS""]","[""MEV protection"",""Fast transaction execution with MEV shielding"",""Privacy-focused design""]","[""Usage analytics""]","[""Global""]","[""Intelligent caching""]",,,,NULL,NULL,NULL,NULL,NULL,
mobula-enterprise-indexer,Mobula,,"[""[Docs](https://docs.mobula.io/introduction)"",""[Pricing](https://docs.mobula.io/pricing)""]",,Enterprise,Archive,Indexed Data,The Graph,Up to $750,Custom pricing & SLAs,FALSE,FALSE,"[""API"",""SDK"",""Dashboards""]","[""Unlimited credits/mo""]","[""Security monitoring tools""]","[""Advanced analytics""]","[""Global""]","[""Support for private analytics"",""High throughput"",""WSS feeds"",""24/7 support on Telegram, Discord, and Slack"",""Custom endpoints""]",null,,,NULL,,NULL,,NULL,
mobula-free-indexer,Mobula,,"[""[Docs](https://docs.mobula.io/introduction)"",""[Pricing](https://docs.mobula.io/pricing)""]",,Free,Archive,Indexed Data,The Graph,$0,null,FALSE,FALSE,"[""API"",""SDK"",""Dashboards""]","[""10K credits/mo"",""360K credits/1 subgraph""]","[""Security monitoring tools""]","[""Advanced analytics""]","[""Global""]","[""Support for private analytics"",""High throughput"",""Support on Discord""]",null,,,NULL,,NULL,,NULL,
mobula-pay-as-you-go-indexer,Mobula,,"[""[Docs](https://docs.mobula.io/introduction)"",""[Pricing](https://docs.mobula.io/pricing)""]",,Pay-as-you-go,Archive,Indexed Data,The Graph,$50/$400,null,FALSE,FALSE,"[""API"",""SDK"",""Dashboards""]","[""125K/1M250K credits/mo"",""360K credits/1 subgraph""]","[""Security monitoring tools""]","[""Advanced analytics""]","[""Global""]","[""Support for private analytics"",""High throughput"",""WSS feeds"",""24/7 support on Telegram, Discord, and Slack""]",null,,,NULL,,NULL,,NULL,
moralis-business-full-archive,Moralis,,"[""[Website](https://moralis.com/nodes/)""]",Business,Tiered,Archive,RPC,EVM JSON-RPC,$749/month,$1.498/1M CUs,FALSE,TRUE,"[""eth_blockNumber"",""eth_sendTransaction"",""eth_getBalance"",""eth_getTransactions""]","[""500M req/mo"", ""5000 rps""]","[""Independent Audits"",""Customer Data Encryption"",""Rate Limiting""]","[""Data Export for Analytics"",""Error Handling and Support"",""Structured & Accessible Data"",""Usage Dashboards""]","[""Global""]","[""Comprehensive & Enriched Data APIs"",""Real-Time Data Streams"",""Managed & Scalable Backend Infrastructure"",""Integrated Developer Tools""]",null,,99.90%,NULL,,NULL,,NULL,
moralis-enterprise-full-archive,Moralis,,"[""[Website](https://moralis.com/pricing/)""]",Enterprise,Enterprise,Archive,RPC,EVM JSON-RPC,Custom,Custom,FALSE,TRUE,"[""eth_blockNumber"",""eth_sendTransaction"",""eth_getBalance"",""eth_getTransactions""]","[""Custom""]","[""Independent Audits"",""Customer Data Encryption"",""Rate Limiting""]","[""Data Export for Analytics"",""Error Handling and Support"",""Structured & Accessible Data"",""Usage Dashboards""]","[""Global""]","[""Comprehensive & Enriched Data APIs"",""Real-Time Data Streams"",""Managed & Scalable Backend Infrastructure"",""Integrated Developer Tools""]",null,,Custom,NULL,,NULL,,NULL,
moralis-free-full-archive,Moralis,,"[""[Website](https://moralis.com/nodes/)""]",Free,Free,Archive,RPC,EVM JSON-RPC,$0,$0,FALSE,TRUE,"[""eth_blockNumber"",""eth_sendTransaction"",""eth_getBalance"",""eth_getTransactions""]","[""40K req/day""]","[""Independent Audits"",""Customer Data Encryption"",""Rate Limiting""]","[""Data Export for Analytics"",""Error Handling and Support"",""Structured & Accessible Data"",""Usage Dashboards""]","[""Global""]","[""Comprehensive & Enriched Data APIs"",""Real-Time Data Streams"",""Managed & Scalable Backend Infrastructure"",""Integrated Developer Tools""]",null,,99.90%,NULL,,NULL,,NULL,
moralis-indexer-business,Moralis,,"[""[Website](https://moralis.com/data-indexer/)""]",Business,Tiered,Archive,Indexed Data,Moralis Data Indexer,$749/month,$1.498/1M CUs,FALSE,TRUE,"[""wallet api"",""nft api"",""blockchain api"",""price api"",""streams api""]","[""500M req/mo"", ""5000 rps""]","[""Independent Audits"",""Customer Data Encryption"",""Mandatory Two-Factor Authentication""]","[""Data Export for Analytics"",""Error Handling and Support"",""Structured & Accessible Data"",""Usage Dashboards""]","[""Global""]","[""Comprehensive & Enriched Data APIs"",""Real-Time Data Streams"",""Managed & Scalable Backend Infrastructure"",""Integrated Developer Tools""]",null,,99.9%,NULL,,NULL,,NULL,
moralis-indexer-enterprise,Moralis,,"[""[Website](https://moralis.com/pricing/)""]",Enterprise,Enterprise,Archive,Indexed Data,Moralis Data Indexer,Custom,Custom,FALSE,TRUE,"[""wallet api"",""nft api"",""blockchain api"",""price api"",""streams api""]","[""Custom""]","[""Independent Audits"",""Customer Data Encryption"",""Mandatory Two-Factor Authentication""]","[""Data Export for Analytics"",""Error Handling and Support"",""Structured & Accessible Data"",""Usage Dashboards""]","[""Global""]","[""Comprehensive & Enriched Data APIs"",""Real-Time Data Streams"",""Managed & Scalable Backend Infrastructure"",""Integrated Developer Tools""]",null,,Custom,NULL,,NULL,,NULL,24h response
moralis-indexer-free,Moralis,,"[""[Website](https://moralis.com/data-indexer/)""]",Free,Free,Archive,Indexed Data,Moralis Data Indexer,$0,$0,FALSE,TRUE,"[""wallet api"",""nft api"",""blockchain api"",""price api"",""streams api""]","[""40K req/day""]","[""Independent Audits"",""Customer Data Encryption"",""Mandatory Two-Factor Authentication""]","[""Data Export for Analytics"",""Error Handling and Support"",""Structured & Accessible Data"",""Usage Dashboards""]","[""Global""]","[""Comprehensive & Enriched Data APIs"",""Real-Time Data Streams"",""Managed & Scalable Backend Infrastructure"",""Integrated Developer Tools""]",null,,99.9%,NULL,,NULL,,NULL,
moralis-indexer-pro,Moralis,,"[""[Website](https://moralis.com/data-indexer/)""]",Pro,Tiered,Archive,Indexed Data,Moralis Data Indexer,$249/month,$2.49/1M CUs,FALSE,TRUE,"[""wallet api"",""nft api"",""blockchain api"",""price api"",""streams api""]","[""100M req/mo"", ""2000 rps""]","[""Independent Audits"",""Customer Data Encryption"",""Mandatory Two-Factor Authentication""]","[""Data Export for Analytics"",""Error Handling and Support"",""Structured & Accessible Data"",""Usage Dashboards""]","[""Global""]","[""Comprehensive & Enriched Data APIs"",""Real-Time Data Streams"",""Managed & Scalable Backend Infrastructure"",""Integrated Developer Tools""]",null,,99.9%,NULL,,NULL,,NULL,
moralis-indexer-starter,Moralis,,"[""[Website](https://moralis.com/data-indexer/)""]",Starter,Tiered,Archive,Indexed Data,Moralis Data Indexer,$59/month,$29.5/1M CUs,FALSE,TRUE,"[""wallet api"",""nft api"",""blockchain api"",""price api"",""streams api""]","[""2M req/mo"", ""1000 rps""]","[""Independent Audits"",""Customer Data Encryption"",""Mandatory Two-Factor Authentication""]","[""Data Export for Analytics"",""Error Handling and Support"",""Structured & Accessible Data"",""Usage Dashboards""]","[""Global""]","[""Comprehensive & Enriched Data APIs"",""Real-Time Data Streams"",""Managed & Scalable Backend Infrastructure"",""Integrated Developer Tools""]",null,,99.9%,NULL,,NULL,,NULL,
moralis-pro-full-archive,Moralis,,"[""[Website](https://moralis.com/pricing/)""]",Pro,Tiered,Archive,RPC,EVM JSON-RPC,$249/month,$2.49/1M CUs,FALSE,TRUE,"[""eth_blockNumber"",""eth_sendTransaction"",""eth_getBalance"",""eth_getTransactions""]","[""100M req/mo"", ""2000 rps""]","[""Independent Audits"",""Customer Data Encryption"",""Rate Limiting""]","[""Data Export for Analytics"",""Error Handling and Support"",""Structured & Accessible Data"",""Usage Dashboards""]","[""Global""]","[""Comprehensive & Enriched Data APIs"",""Real-Time Data Streams"",""Managed & Scalable Backend Infrastructure"",""Integrated Developer Tools""]",null,,99.90%,NULL,,NULL,,NULL,
moralis-starter-full-archive,Moralis,,"[""[Website](https://moralis.com/pricing/)""]",Starter,Tiered,Archive,RPC,EVM JSON-RPC,$59/month,$29.5/1M CUs,FALSE,TRUE,"[""eth_blockNumber"",""eth_sendTransaction"",""eth_getBalance"",""eth_getTransactions""]","[""2M req/mo"", ""1000 rps""]","[""Independent Audits"",""Customer Data Encryption"",""Rate Limiting""]","[""Data Export for Analytics"",""Error Handling and Support"",""Structured & Accessible Data"",""Usage Dashboards""]","[""Global""]","[""Comprehensive & Enriched Data APIs"",""Real-Time Data Streams"",""Managed & Scalable Backend Infrastructure"",""Integrated Developer Tools""]",null,,99.90%,NULL,,NULL,,NULL,
node-real-business,NodeReal,,"[""[Buy](https://nodereal.io/pricing)"",""[Docs](https://docs.nodereal.io/docs/intro-nodereal)""]",Business,Tiered,Archive,Indexed Data,Custom,"$499/mo (monthly plan), $424/mo (semi-annual plan), $399/mo (annual plan)",,FALSE,TRUE,"[""eth_accounts"",""eth_blockNumber"",""eth_call"",""eth_getBalance"",""debug_traceTransaction"",""trace_block"",""trace_call""]","[""5B req/mo"",""3K rps"",""50 API Keys""]","[""Maximal Extractable Value Protection"",""Secure APIs"",""Domain Whitelisting"",""Access Controls""]","[""Real-time Monitoring"",""Request Analytics"",""Debug APIs"",""Performance Metrics""]","[""Global""]","[""Real-time Event Monitoring"",""Developer Tools & Support"",""Security & Compliance"",""Private Transactions & Enhanced APIs""]",null,,99.80%,NULL,,NULL,,NULL,
node-real-business-full-archive,NodeReal,,"[""[Buy](https://nodereal.io/pricing)"",""[Docs](https://docs.nodereal.io/docs/intro-nodereal)""]",Business,Tiered,Archive,RPC,EVM JSON-RPC,"$499/mo (monthly plan), $424/mo (semi-annual plan), $399/mo (annual plan)",,FALSE,TRUE,"[""eth_accounts"",""eth_blockNumber"",""eth_call"",""eth_getBalance"",""debug_traceTransaction"",""trace_block"",""trace_call""]","[""5B req/mo"",""3K rps"",""50 API Keys""]","[""Maximal Extractable Value Protection"",""Secure APIs"",""Domain Whitelisting"",""Access Controls""]","[""Real-time Monitoring"",""Request Analytics"",""Debug APIs"",""Performance Metrics""]","[""Global""]","[""Real-time Event Monitoring"",""Developer Tools & Support"",""Security & Compliance"",""Private Transactions & Enhanced APIs""]",null,,99.80%,NULL,,NULL,,NULL,
node-real-business-recent-state,NodeReal,,"[""[Buy](https://nodereal.io/pricing)"",""[Docs](https://docs.nodereal.io/docs/intro-nodereal)""]",Business,Tiered,Pruned,RPC,EVM JSON-RPC,"$499/mo (monthly plan), $424/mo (semi-annual plan), $399/mo (annual plan)",,FALSE,TRUE,"[""eth_accounts"",""eth_blockNumber"",""eth_call"",""eth_getBalance"",""debug_traceTransaction"",""trace_block"",""trace_call""]","[""5B req/mo"",""3K rps"",""50 API Keys""]","[""Maximal Extractable Value Protection"",""Secure APIs"",""Domain Whitelisting"",""Access Controls""]","[""Real-time Monitoring"",""Request Analytics"",""Debug APIs"",""Performance Metrics""]","[""Global""]","[""Real-time Event Monitoring"",""Developer Tools & Support"",""Security & Compliance"",""Private Transactions & Enhanced APIs""]",null,,99.80%,NULL,,NULL,,NULL,
node-real-free,NodeReal,,"[""[Website](https://nodereal.io/)"",""[Docs](https://docs.nodereal.io/docs/intro-nodereal)""]",Free,Free,Archive,Indexed Data,Custom,$0,$0,FALSE,TRUE,"[""eth_accounts"",""eth_blockNumber"",""eth_call"",""eth_getBalance"",""debug_traceTransaction"",""trace_block"",""trace_call""]","[""100M req/mo"",""150 rps"",""3 API Keys""]","[""Maximal Extractable Value Protection"",""Secure APIs"",""Domain Whitelisting"",""Access Controls""]","[""Real-time Monitoring"",""Request Analytics"",""Debug APIs"",""Performance Metrics""]","[""Global""]","[""Real-time Event Monitoring"",""Developer Tools & Support"",""Security & Compliance"",""Private Transactions & Enhanced APIs""]",null,,99.80%,NULL,,NULL,,NULL,
node-real-free-full-archive,NodeReal,,"[""[Website](https://nodereal.io/)"",""[Docs](https://docs.nodereal.io/docs/intro-nodereal)""]",Free,Free,Archive,RPC,EVM JSON-RPC,$0,$0,FALSE,TRUE,"[""eth_accounts"",""eth_blockNumber"",""eth_call"",""eth_getBalance"",""debug_traceTransaction"",""trace_block"",""trace_call""]","[""100M req/mo"",""150 rps"",""3 API Keys""]","[""Maximal Extractable Value Protection"",""Secure APIs"",""Domain Whitelisting"",""Access Controls""]","[""Real-time Monitoring"",""Request Analytics"",""Debug APIs"",""Performance Metrics""]","[""Global""]","[""Real-time Event Monitoring"",""Developer Tools & Support"",""Security & Compliance"",""Private Transactions & Enhanced APIs""]",null,,99.80%,NULL,,NULL,,NULL,
node-real-free-recent-state,NodeReal,,"[""[Website](https://nodereal.io/)"",""[Docs](https://docs.nodereal.io/docs/intro-nodereal)""]",Free,Free,Pruned,RPC,EVM JSON-RPC,$0,$0,FALSE,TRUE,"[""eth_accounts"",""eth_blockNumber"",""eth_call"",""eth_getBalance"",""debug_traceTransaction"",""trace_block"",""trace_call""]","[""100M req/mo"",""150 rps"",""3 API Keys""]","[""Maximal Extractable Value Protection"",""Secure APIs"",""Domain Whitelisting"",""Access Controls""]","[""Real-time Monitoring"",""Request Analytics"",""Debug APIs"",""Performance Metrics""]","[""Global""]","[""Real-time Event Monitoring"",""Developer Tools & Support"",""Security & Compliance"",""Private Transactions & Enhanced APIs""]",null,,99.80%,NULL,,NULL,,NULL,
node-real-growth,NodeReal,,"[""[Buy](https://nodereal.io/pricing)"",""[Docs](https://docs.nodereal.io/docs/intro-nodereal)""]",Growth,Tiered,Archive,Indexed Data,Custom,"$39/mo (monthly plan), $33/mo (semi-annual plan), $31/mo (annual plan)",,FALSE,TRUE,"[""eth_accounts"",""eth_blockNumber"",""eth_call"",""eth_getBalance"",""debug_traceTransaction"",""trace_block"",""trace_call""]","[""500M req/mo"",""700 rps"",""15 API Keys""]","[""Maximal Extractable Value Protection"",""Secure APIs"",""Domain Whitelisting"",""Access Controls""]","[""Real-time Monitoring"",""Request Analytics"",""Debug APIs"",""Performance Metrics""]","[""Global""]","[""Real-time Event Monitoring"",""Developer Tools & Support"",""Security & Compliance"",""Private Transactions & Enhanced APIs""]",null,,99.80%,NULL,,NULL,,NULL,
node-real-growth-full-archive,NodeReal,,"[""[Buy](https://nodereal.io/pricing)"",""[Docs](https://docs.nodereal.io/docs/intro-nodereal)""]",Growth,Tiered,Archive,RPC,EVM JSON-RPC,"$39/mo (monthly plan), $33/mo (semi-annual plan), $31/mo (annual plan)",,FALSE,TRUE,"[""eth_accounts"",""eth_blockNumber"",""eth_call"",""eth_getBalance"",""debug_traceTransaction"",""trace_block"",""trace_call""]","[""500M req/mo"",""700 rps"",""15 API Keys""]","[""Maximal Extractable Value Protection"",""Secure APIs"",""Domain Whitelisting"",""Access Controls""]","[""Real-time Monitoring"",""Request Analytics"",""Debug APIs"",""Performance Metrics""]","[""Global""]","[""Real-time Event Monitoring"",""Developer Tools & Support"",""Security & Compliance"",""Private Transactions & Enhanced APIs""]",null,,99.80%,NULL,,NULL,,NULL,
node-real-growth-recent-state,NodeReal,,"[""[Buy](https://nodereal.io/pricing)"",""[Docs](https://docs.nodereal.io/docs/intro-nodereal)""]",Growth,Tiered,Pruned,RPC,EVM JSON-RPC,"$39/mo (monthly plan), $33/mo (semi-annual plan), $31/mo (annual plan)",,FALSE,TRUE,"[""eth_accounts"",""eth_blockNumber"",""eth_call"",""eth_getBalance"",""debug_traceTransaction"",""trace_block"",""trace_call""]","[""500M req/mo"",""700 rps"",""15 API Keys""]","[""Maximal Extractable Value Protection"",""Secure APIs"",""Domain Whitelisting"",""Access Controls""]","[""Real-time Monitoring"",""Request Analytics"",""Debug APIs"",""Performance Metrics""]","[""Global""]","[""Real-time Event Monitoring"",""Developer Tools & Support"",""Security & Compliance"",""Private Transactions & Enhanced APIs""]",null,,99.80%,NULL,,NULL,,NULL,
node-real-semita,NodeReal,,"[""[Contact](https://docs.google.com/forms/d/e/1FAIpQLSe6LIIVXNqZR1JrMOLaToNAk7v21zgmYoExDuvaHXicA-bnJg/viewform)"",""[Docs](https://docs.nodereal.io/docs/intro-nodereal)""]",Semita,Enterprise,Archive,Indexed Data,Custom,Custom,Custom,FALSE,TRUE,"[""eth_accounts"",""eth_blockNumber"",""eth_call"",""eth_getBalance"",""debug_traceTransaction"",""trace_block"",""trace_call""]","[""Custom""]","[""Maximal Extractable Value Protection"",""Secure APIs"",""Domain Whitelisting"",""Access Controls""]","[""Real-time Monitoring"",""Request Analytics"",""Debug APIs"",""Performance Metrics""]","[""Global""]","[""Real-time Event Monitoring"",""Developer Tools & Support"",""Security & Compliance"",""Private Transactions & Enhanced APIs""]",null,,99.99%,NULL,,NULL,,NULL,
node-real-semita-full-archive,NodeReal,,"[""[Contact](https://docs.google.com/forms/d/e/1FAIpQLSe6LIIVXNqZR1JrMOLaToNAk7v21zgmYoExDuvaHXicA-bnJg/viewform)"",""[Docs](https://docs.nodereal.io/docs/intro-nodereal)""]",Semita,Enterprise,Archive,RPC,EVM JSON-RPC,Custom,Custom,FALSE,TRUE,"[""eth_accounts"",""eth_blockNumber"",""eth_call"",""eth_getBalance"",""debug_traceTransaction"",""trace_block"",""trace_call""]","[""Custom""]","[""Maximal Extractable Value Protection"",""Secure APIs"",""Domain Whitelisting"",""Access Controls""]","[""Real-time Monitoring"",""Request Analytics"",""Debug APIs"",""Performance Metrics""]","[""Global""]","[""Real-time Event Monitoring"",""Developer Tools & Support"",""Security & Compliance"",""Private Transactions & Enhanced APIs""]",null,,99.99%,NULL,,NULL,,NULL,
node-real-semita-recent-state,NodeReal,,"[""[Contact](https://docs.google.com/forms/d/e/1FAIpQLSe6LIIVXNqZR1JrMOLaToNAk7v21zgmYoExDuvaHXicA-bnJg/viewform)"",""[Docs](https://docs.nodereal.io/docs/intro-nodereal)""]",Semita,Enterprise,Pruned,RPC,EVM JSON-RPC,Custom,Custom,FALSE,TRUE,"[""eth_accounts"",""eth_blockNumber"",""eth_call"",""eth_getBalance"",""debug_traceTransaction"",""trace_block"",""trace_call""]","[""Custom""]","[""Maximal Extractable Value Protection"",""Secure APIs"",""Domain Whitelisting"",""Access Controls""]","[""Real-time Monitoring"",""Request Analytics"",""Debug APIs"",""Performance Metrics""]","[""Global""]","[""Real-time Event Monitoring"",""Developer Tools & Support"",""Security & Compliance"",""Private Transactions & Enhanced APIs""]",null,,99.99%,NULL,,NULL,,NULL,
node-real-team,NodeReal,,"[""[Buy](https://nodereal.io/pricing)"",""[Docs](https://docs.nodereal.io/docs/intro-nodereal)""]",Team,Tiered,Archive,Indexed Data,Custom,"$199/mo (monthly plan), $169/mo (semi-annual plan), $159/mo (annual plan)",,FALSE,TRUE,"[""eth_accounts"",""eth_blockNumber"",""eth_call"",""eth_getBalance"",""debug_traceTransaction"",""trace_block"",""trace_call""]","[""2B req/mo"",""1.5K rps"",""30 API Keys""]","[""Maximal Extractable Value Protection"",""Secure APIs"",""Domain Whitelisting"",""Access Controls""]","[""Real-time Monitoring"",""Request Analytics"",""Debug APIs"",""Performance Metrics""]","[""Global""]","[""Real-time Event Monitoring"",""Developer Tools & Support"",""Security & Compliance"",""Private Transactions & Enhanced APIs""]",null,,99.80%,NULL,,NULL,,NULL,
node-real-team-full-archive,NodeReal,,"[""[Buy](https://nodereal.io/pricing)"",""[Docs](https://docs.nodereal.io/docs/intro-nodereal)""]",Team,Tiered,Archive,RPC,EVM JSON-RPC,"$199/mo (monthly plan), $169/mo (semi-annual plan), $159/mo (annual plan)",,FALSE,TRUE,"[""eth_accounts"",""eth_blockNumber"",""eth_call"",""eth_getBalance"",""debug_traceTransaction"",""trace_block"",""trace_call""]","[""2B req/mo"",""1.5K rps"",""30 API Keys""]","[""Maximal Extractable Value Protection"",""Secure APIs"",""Domain Whitelisting"",""Access Controls""]","[""Real-time Monitoring"",""Request Analytics"",""Debug APIs"",""Performance Metrics""]","[""Global""]","[""Real-time Event Monitoring"",""Developer Tools & Support"",""Security & Compliance"",""Private Transactions & Enhanced APIs""]",null,,99.80%,NULL,,NULL,,NULL,
node-real-team-recent-state,NodeReal,,"[""[Buy](https://nodereal.io/pricing)"",""[Docs](https://docs.nodereal.io/docs/intro-nodereal)""]",Team,Tiered,Pruned,RPC,EVM JSON-RPC,"$199/mo (monthly plan), $169/mo (semi-annual plan), $159/mo (annual plan)",,FALSE,TRUE,"[""eth_accounts"",""eth_blockNumber"",""eth_call"",""eth_getBalance"",""debug_traceTransaction"",""trace_block"",""trace_call""]","[""2B req/mo"",""1.5K rps"",""30 API Keys""]","[""Maximal Extractable Value Protection"",""Secure APIs"",""Domain Whitelisting"",""Access Controls""]","[""Real-time Monitoring"",""Request Analytics"",""Debug APIs"",""Performance Metrics""]","[""Global""]","[""Real-time Event Monitoring"",""Developer Tools & Support"",""Security & Compliance"",""Private Transactions & Enhanced APIs""]",null,,99.80%,NULL,,NULL,,NULL,
nodely-enterprise-full-archive,Nodely,,"[""[Contact](https://nodely.io/contact)"",""[Docs](https://nodely.io/docs/solutions/dedicated/)""]",Enterprise Dedicated Infra,Dedicated,Archive,RPC,Custom,$1024/region/mo,,FALSE,FALSE,"[""Algod API""]","[""3K req/s/region"",""Unlimited quota"",""900 req/s/IP"",""Minimum 2 regions required for SLA"",""3K tx/s/project"",""900 tx/s/IP""]","[""Custom security (tokens, JWTs)""]","[""Realtime monitoring dashboard""]","[""NA"",""EMEA"",""APAC"",""LATAM""]","[""Vanity/own domains"",""Unlimited egress"",""Exclusive fastlane relay access"",""Bare metal power""]",,,99.95%,NULL,,NULL,,NULL,2h R&D support/mo
nodely-enterprise-indexer,Nodely,,"[""[Contact](https://nodely.io/contact)"",""[Docs](https://nodely.io/docs/solutions/dedicated/)""]",Enterprise Dedicated Infra,Dedicated,Archive,Indexed Data,Custom,$1024/region/mo,,FALSE,FALSE,"[""Indexer API""]","[""3K req/s/region"",""Unlimited quota"",""900 req/s/IP"",""Minimum 2 regions required for SLA""]","[""Custom security (tokens, JWTs)""]","[""Realtime monitoring dashboard""]","[""NA"",""EMEA"",""APAC"",""LATAM""]","[""Vanity/own domains"",""Unlimited egress"",""Exclusive fastlane relay access"",""Bare metal power""]",,,99.95%,NULL,,NULL,,NULL,2h R&D support/mo
nodely-enterprise-recent-state,Nodely,,"[""[Contact](https://nodely.io/contact)"",""[Docs](https://nodely.io/docs/solutions/dedicated/)""]",Enterprise Dedicated Infra,Dedicated,Pruned,RPC,Custom,$1024/region/mo,,FALSE,FALSE,"[""Algod API""]","[""3K req/s/region"",""Unlimited quota"",""900 req/s/IP"",""Minimum 2 regions required for SLA"",""3K tx/s/project"",""900 tx/s/IP""]","[""Custom security (tokens, JWTs)""]","[""Realtime monitoring dashboard""]","[""NA"",""EMEA"",""APAC"",""LATAM""]","[""Vanity/own domains"",""Unlimited egress"",""Exclusive fastlane relay access"",""Bare metal power""]",,,99.95%,NULL,,NULL,,NULL,2h R&D support/mo
nodely-free-full-archive,Nodely,,"[""[Website](https://nodely.io/)"",""[Docs](https://nodely.io/docs/free/start/)""]",Free Archival Node/Indexer public API,Public,Archive,RPC,Custom,$0,,FALSE,FALSE,"[""Algod API""]","[""1K req/s/project"",""6M req/mo or 150GB/mo"",""5GB/day"",""60 req/s/IP"",""50 tx/s/project"",""18 tx/s/IP""]",,,,,,,,NULL,,NULL,,NULL,Best effort
nodely-free-indexer,Nodely,,"[""[Website](https://nodely.io/)"",""[Docs](https://nodely.io/docs/free/start/)""]",Free Archival Node/Indexer public API,Public,Archive,Indexed Data,Custom,$0,,FALSE,FALSE,"[""Indexer API""]","[""1K req/s/project"",""6M req/mo or 150GB/mo"",""5GB/day"",""60 req/s/IP""]",,,,,,,,NULL,,NULL,,NULL,Best effort
nodely-free-recent-state,Nodely,,"[""[Website](https://nodely.io/)"",""[Docs](https://nodely.io/docs/free/start/)""]",Free Archival Node/Indexer public API,Public,Pruned,RPC,Custom,$0,,FALSE,FALSE,"[""Algod API""]","[""1K req/s/project"",""6M req/mo or 150GB/mo"",""5GB/day"",""60 req/s/IP"",""50 tx/s/project"",""18 tx/s/IP""]",,,,,,,,NULL,,NULL,,NULL,Best effort
nodely-pay-as-you-go-full-archive,Nodely,,"[""[Buy](https://nodely.io/pricing/)"",""[Docs](https://nodely.io/docs/unlimited/start/)""]",Unlimited Full API,Dedicated,Archive,RPC,Custom,$256/mo,,FALSE,FALSE,"[""Algod API""]","[""6K req/s/project"",""2TB/mo"",""500 req/s/IP"",""6K tx/s/project"",""500 tx/s/IP""]","[""API tokens"",""Domain whitelisting""]","[""Realtime monitoring dashboard""]",,"[""Unlimited IPFS Gateway""]",,,,NULL,,NULL,,NULL,1h R&D support/mo
nodely-pay-as-you-go-indexer,Nodely,,"[""[Buy](https://nodely.io/pricing/)"",""[Docs](https://nodely.io/docs/unlimited/start/)""]",Unlimited Full API,Dedicated,Archive,Indexed Data,Custom,$256/mo,,FALSE,FALSE,"[""Indexer API""]","[""6K req/s/project"",""2TB/mo"",""500 req/s/IP""]","[""API tokens"",""Domain whitelisting""]","[""Realtime monitoring dashboard""]",,"[""Unlimited IPFS Gateway"",""Light indexer snapshots"",""Instant follower API compatible with Conduit""]",,,,NULL,,NULL,,NULL,1h R&D support/mo
nodely-pay-as-you-go-recent-state,Nodely,,"[""[Buy](https://nodely.io/pricing/)"",""[Docs](https://nodely.io/docs/unlimited/start/)""]",Unlimited Full API,Dedicated,Pruned,RPC,Custom,$256/mo,,FALSE,FALSE,"[""Algod API""]","[""6K req/s/project"",""2TB/mo"",""500 req/s/IP"",""6K tx/s/project"",""500 tx/s/IP""]","[""API tokens"",""Domain whitelisting""]","[""Realtime monitoring dashboard""]",,"[""Unlimited IPFS Gateway""]",,,,NULL,,NULL,,NULL,1h R&D support/mo
nodit-business-full-archive,Nodit,,"[""[Buy](https://www.nodit.io/pricing)"",""[Docs](https://developer.nodit.io/en/guides/nodit-overview/)""]",Business,Tiered,Archive,RPC,EVM JSON-RPC,"$250/mo (monthly plan),$189/mo (yearly plan)",$1/1M CUs,FALSE,FALSE,"[""Elastic Node"",""Web3 Data API"",""Stream"",""Webhook"",""Datasquare""]","[""1.6B CUs/mo"",""3K CU/s"",""10 projects"",""3 API Keys""]","[""Allowlist Control"",""Unique API keys for Projects Authorization"",""Webhook v2 Security"",""On-Chain Data Protection""]","[""Statistical Dashboard"",""Real-time Node Monitoring"",""Real-time Node Monitoring"",""Real-time Node Monitoring""]","[""Global""]","[""Testnet Faucets""]",,,99.90%,NULL,,NULL,,NULL,
nodit-business-recent-state,Nodit,,"[""[Buy](https://www.nodit.io/pricing)"",""[Docs](https://developer.nodit.io/en/guides/nodit-overview/)""]",Business,Tiered,Pruned,RPC,EVM JSON-RPC,"$250/mo (monthly plan),$189/mo (yearly plan)",$1/1M CUs,FALSE,FALSE,"[""Elastic Node"",""Web3 Data API"",""Stream"",""Webhook"",""Datasquare""]","[""1.6B CUs/mo"",""3K CU/s"",""10 projects"",""3 API Keys""]","[""Allowlist Control"",""Unique API keys for Projects Authorization"",""Webhook v2 Security"",""On-Chain Data Protection""]","[""Statistical Dashboard"",""Real-time Node Monitoring"",""Real-time Node Monitoring"",""Real-time Node Monitoring""]","[""Global""]","[""Testnet Faucets""]",,,99.90%,NULL,,NULL,,NULL,
nodit-dedicated-full-archive,Nodit,,"[""[Contact](https://www.nodit.io/contact-us)"",""[Docs](https://developer.nodit.io/en/guides/nodit-overview/)""]",,Dedicated,Archive,RPC,EVM JSON-RPC,Custom,Custom,FALSE,FALSE,"[""Elastic Node"",""Web3 Data API"",""Stream"",""Webhook"",""Datasquare""]","[""custom limits""]","[""Allowlist Control"",""Unique API keys for Projects Authorization"",""Webhook v2 Security"",""On-Chain Data Protection""]","[""Statistical Dashboard"",""Real-time Node Monitoring"",""Real-time Node Monitoring"",""Real-time Node Monitoring""]","[""Global""]","[""Testnet Faucets""]",,,99.90%,NULL,,NULL,,NULL,
nodit-dedicated-recent-state,Nodit,,"[""[Contact](https://www.nodit.io/contact-us)"",""[Docs](https://developer.nodit.io/en/guides/nodit-overview/)""]",,Dedicated,Pruned,RPC,EVM JSON-RPC,Custom,Custom,FALSE,FALSE,"[""Elastic Node"",""Web3 Data API"",""Stream"",""Webhook"",""Datasquare""]","[""custom limits""]","[""Allowlist Control"",""Unique API keys for Projects Authorization"",""Webhook v2 Security"",""On-Chain Data Protection""]","[""Statistical Dashboard"",""Real-time Node Monitoring"",""Real-time Node Monitoring"",""Real-time Node Monitoring""]","[""Global""]","[""Testnet Faucets""]",,,99.90%,NULL,,NULL,,NULL,
nodit-developer-full-archive,Nodit,,"[""[Buy](https://www.nodit.io/pricing)"",""[Docs](https://developer.nodit.io/en/guides/nodit-overview/)""]",Developer,Tiered,Archive,RPC,EVM JSON-RPC,"$45/mo (monthly plan),$35/mo (yearly plan)",$1/1M CUs,FALSE,FALSE,"[""Elastic Node"",""Web3 Data API"",""Stream"",""Webhook"",""Datasquare""]","[""450M CUs/mo"",""600 CU/s"",""3 projects"",""3 API Keys""]","[""Allowlist Control"",""Unique API keys for Projects Authorization"",""Webhook v2 Security"",""On-Chain Data Protection""]","[""Statistical Dashboard"",""Real-time Node Monitoring"",""Real-time Node Monitoring"",""Real-time Node Monitoring""]","[""Global""]","[""Testnet Faucets""]",,,99.90%,NULL,,NULL,,NULL,
nodit-developer-recent-state,Nodit,,"[""[Buy](https://www.nodit.io/pricing)"",""[Docs](https://developer.nodit.io/en/guides/nodit-overview/)""]",Developer,Tiered,Pruned,RPC,EVM JSON-RPC,"$45/mo (monthly plan),$35/mo (yearly plan)",$1/1M CUs,FALSE,FALSE,"[""Elastic Node"",""Web3 Data API"",""Stream"",""Webhook"",""Datasquare""]","[""450M CUs/mo"",""600 CU/s"",""3 projects"",""3 API Keys""]","[""Allowlist Control"",""Unique API keys for Projects Authorization"",""Webhook v2 Security"",""On-Chain Data Protection""]","[""Statistical Dashboard"",""Real-time Node Monitoring"",""Real-time Node Monitoring"",""Real-time Node Monitoring""]","[""Global""]","[""Testnet Faucets""]",,,99.90%,NULL,,NULL,,NULL,
nodit-enterprise-full-archive,Nodit,,"[""[Contact](https://www.nodit.io/contact-us)"",""[Docs](https://developer.nodit.io/en/guides/nodit-overview/)""]",,Enterprise,Archive,RPC,EVM JSON-RPC,Custom,Custom,FALSE,FALSE,"[""Elastic Node"",""Web3 Data API"",""Stream"",""Webhook"",""Datasquare""]","[""custom limits""]","[""Allowlist Control"",""Unique API keys for Projects Authorization"",""Webhook v2 Security"",""On-Chain Data Protection""]","[""Statistical Dashboard"",""Real-time Node Monitoring"",""Real-time Node Monitoring"",""Real-time Node Monitoring""]","[""Global""]","[""Testnet Faucets""]",,,99.90%,NULL,,NULL,,NULL,
nodit-enterprise-recent-state,Nodit,,"[""[Contact](https://www.nodit.io/contact-us)"",""[Docs](https://developer.nodit.io/en/guides/nodit-overview/)""]",,Enterprise,Pruned,RPC,EVM JSON-RPC,Custom,Custom,FALSE,FALSE,"[""Elastic Node"",""Web3 Data API"",""Stream"",""Webhook"",""Datasquare""]","[""custom limits""]","[""Allowlist Control"",""Unique API keys for Projects Authorization"",""Webhook v2 Security"",""On-Chain Data Protection""]","[""Statistical Dashboard"",""Real-time Node Monitoring"",""Real-time Node Monitoring"",""Real-time Node Monitoring""]","[""Global""]","[""Testnet Faucets""]",,,99.90%,NULL,,NULL,,NULL,
nodit-starter-full-archive,Nodit,,"[""[Website](https://www.nodit.io/)"",""[Docs](https://developer.nodit.io/en/guides/nodit-overview/)""]",Starter,Free,Archive,RPC,EVM JSON-RPC,$0,,FALSE,FALSE,"[""Elastic Node"",""Web3 Data API"",""Stream"",""Webhook"",""Datasquare""]","[""1M CUs/day"",""300 CU/s"",""1 project"",""1 API Key""]","[""Allowlist Control"",""Unique API keys for Projects Authorization"",""Webhook v2 Security"",""On-Chain Data Protection""]","[""Statistical Dashboard"",""Real-time Node Monitoring"",""Real-time Node Monitoring"",""Real-time Node Monitoring""]","[""Global""]","[""Testnet Faucets""]",,,99.90%,NULL,,NULL,,NULL,
nodit-starter-plus-full-archive,Nodit,,"[""[Buy](https://www.nodit.io/pricing)"",""[Docs](https://developer.nodit.io/en/guides/nodit-overview/)""]",Starter Plus,Tiered,Archive,RPC,EVM JSON-RPC,$10/mo,$1/1M CUs,FALSE,FALSE,"[""Elastic Node"",""Web3 Data API"",""Stream"",""Webhook"",""Datasquare""]","[""100M CUs/day"",""400 CU/s"",""2 project"",""2 API Key""]","[""Allowlist Control"",""Unique API keys for Projects Authorization"",""Webhook v2 Security"",""On-Chain Data Protection""]","[""Statistical Dashboard"",""Real-time Node Monitoring"",""Real-time Node Monitoring"",""Real-time Node Monitoring""]","[""Global""]","[""Testnet Faucets""]",,,99.90%,NULL,,NULL,,NULL,
nodit-starter-plus-recent-state,Nodit,,"[""[Buy](https://www.nodit.io/pricing)"",""[Docs](https://developer.nodit.io/en/guides/nodit-overview/)""]",Starter Plus,Tiered,Pruned,RPC,EVM JSON-RPC,$10/mo,$1/1M CUs,FALSE,FALSE,"[""Elastic Node"",""Web3 Data API"",""Stream"",""Webhook"",""Datasquare""]","[""100M CUs/day"",""400 CU/s"",""2 project"",""2 API Key""]","[""Allowlist Control"",""Unique API keys for Projects Authorization"",""Webhook v2 Security"",""On-Chain Data Protection""]","[""Statistical Dashboard"",""Real-time Node Monitoring"",""Real-time Node Monitoring"",""Real-time Node Monitoring""]","[""Global""]","[""Testnet Faucets""]",,,99.90%,NULL,,NULL,,NULL,
nodit-starter-recent-state,Nodit,,"[""[Website](https://www.nodit.io/)"",""[Docs](https://developer.nodit.io/en/guides/nodit-overview/)""]",Starter,Free,Pruned,RPC,EVM JSON-RPC,$0,,FALSE,FALSE,"[""Elastic Node"",""Web3 Data API"",""Stream"",""Webhook"",""Datasquare""]","[""1M CUs/day"",""300 CU/s"",""1 project"",""1 API Key""]","[""Allowlist Control"",""Unique API keys for Projects Authorization"",""Webhook v2 Security"",""On-Chain Data Protection""]","[""Statistical Dashboard"",""Real-time Node Monitoring"",""Real-time Node Monitoring"",""Real-time Node Monitoring""]","[""Global""]","[""Testnet Faucets""]",,,99.90%,NULL,,NULL,,NULL,
noves-business-custom,Noves,,"[""[Buy](https://www.noves.fi/pricing)"",""[Docs](https://docs.noves.fi/reference/rpc-api-quickstart)""]",Business,Tiered,Custom,RPC,Custom,"$625/mo (monthly plan), $500/mo (annual plan)",,FALSE,TRUE,"[""Forsight API"",""Translate API"",""Streams API"",""Job API"",""Pricing API""]","[""45M Wus""]","[""Front-Running and Sandwich Bot Protection"",""Routing Transactions Validation"",""Detailed Transaction Pre-check""]","[""Transaction Simulation & Analysis"",""Real-time Smart Price Discovery"",""Advanced Fraud/Spam Filtering"",""Data Enrichment & Translation Engine""]","[""Global""]","[""Multichain Support"",""10,000+ Protocols"",""500,000+ Smartcontract"",""Autoscale usage"",""Higher Rate Limits""]",,,,NULL,NULL,NULL,NULL,NULL,
noves-developer-custom,Noves,,"[""[Buy](https://www.noves.fi/pricing)"",""[Docs](https://docs.noves.fi/reference/rpc-api-quickstart)""]",Developer,Tiered,Custom,RPC,Custom,"$250/mo (monthly plan), $200/mo (annual plan)",,FALSE,TRUE,"[""Forsight API"",""Translate API"",""Streams API"",""Job API"",""Pricing API""]","[""20M Wus""]","[""Front-Running and Sandwich Bot Protection"",""Routing Transactions Validation"",""Detailed Transaction Pre-check""]","[""Transaction Simulation & Analysis"",""Real-time Smart Price Discovery"",""Advanced Fraud/Spam Filtering"",""Data Enrichment & Translation Engine""]","[""Global""]","[""Multichain Support"",""10,000+ Protocols"",""500,000+ Smartcontract"",""Autoscale usage"",""Higher Rate Limits""]",,,,NULL,NULL,NULL,NULL,NULL,
noves-enterprise-custom,Noves,,"[""[Contact](https://www.noves.fi/pricing)"",""[Docs](https://docs.noves.fi/reference/rpc-api-quickstart)""]",,Enterprise,Custom,RPC,Custom,Custom,,FALSE,TRUE,"[""Forsight API"",""Translate API"",""Streams API"",""Job API"",""Pricing API""]","[""Custom""]","[""Front-Running and Sandwich Bot Protection"",""Routing Transactions Validation"",""Detailed Transaction Pre-check""]","[""Transaction Simulation & Analysis"",""Real-time Smart Price Discovery"",""Advanced Fraud/Spam Filtering"",""Data Enrichment & Translation Engine""]","[""Global""]","[""Multichain Support"",""10,000+ Protocols"",""500,000+ Smartcontract"",""Autoscale usage"",""Higher Rate Limits""]",,,,NULL,NULL,NULL,NULL,NULL,
noves-free-custom,Noves,,"[""[Website](https://www.noves.fi/)"",""[Docs](https://docs.noves.fi/reference/rpc-api-quickstart)""]",,Free,Custom,RPC,Custom,$0,,FALSE,TRUE,"[""Forsight API"",""Translate API"",""Streams API"",""Job API"",""Pricing API""]","[""300K Wus"",""1K reqs per day""]","[""Front-Running and Sandwich Bot Protection"",""Routing Transactions Validation"",""Detailed Transaction Pre-check""]","[""Transaction Simulation & Analysis"",""Real-time Smart Price Discovery"",""Advanced Fraud/Spam Filtering"",""Data Enrichment & Translation Engine""]","[""Global""]","[""Multichain Support"",""10,000+ Protocols"",""500,000+ Smartcontract"",""Autoscale usage"",""Higher Rate Limits""]",,,,NULL,NULL,NULL,NULL,NULL,
nownodes-business-recent-state,Nownodes,,"[""[Buy](https://nownodes.io/pricing)"",""[Docs](https://nownodes.gitbook.io/documentation)""]",Business,Tiered,Pruned,RPC,EVM JSON-RPC,"€200 (monthly plan), €2200 (yearly plan)",€50/€10/1M extra requests,FALSE,FALSE,"[""All read methods + MPoolPush""]","[""1M/30M reqs/mo"",""up to 3/up to 25 API keys""]","[""Domain name protection"",""Secure infrastructure with 24/7 monitoring""]","[""per-key analytics""]","[""Global""]",,,,99.95%,NULL,NULL,NULL,NULL,NULL,
nownodes-custom-recent-state,Nownodes,,"[""[Contact](https://account.nownodes.io/auth/login)"",""[Docs](https://nownodes.gitbook.io/documentation)""]",Custom,Enterprise,Pruned,RPC,EVM JSON-RPC,Custom,€5/1M extra requests,FALSE,FALSE,"[""All read methods + MPoolPush""]","[""100M req/mo, up to 100 API keys""]","[""Domain name protection"",""Secure infrastructure with 24/7 monitoring"",""Private RPC nodes""]","[""per-key analytics""]","[""Global""]",,,,99.95%,NULL,NULL,NULL,NULL,NULL,
nownodes-dedicated-recent-state,Nownodes,,"[""[Contact](https://account.nownodes.io/auth/login)"",""[Docs](https://nownodes.gitbook.io/documentation)""]",,Dedicated,Pruned,RPC,EVM JSON-RPC,up to €400,no overlimit charges,FALSE,FALSE,"[""All read methods + MPoolPush""]","[""Unlimited reqs/mo, no API keys - access via personal credentials""]","[""Domain name protection"",""Secure infrastructure with 24/7 monitoring"",""Private RPC nodes""]","[""per-key analytics""]","[""Global""]",,,,99.95%,NULL,NULL,NULL,NULL,NULL,
nownodes-enterprise-recent-state,Nownodes,,"[""[Buy](https://nownodes.io/pricing)"",""[Docs](https://nownodes.gitbook.io/documentation)""]",Enterprise,Tiered,Pruned,RPC,EVM JSON-RPC,"€500 (monthly plan), €5500 (yearly plan)",€5/1M extra requests,FALSE,FALSE,"[""All read methods + MPoolPush""]","[""100M req/mo, up to 100 API keys""]","[""Domain name protection"",""Secure infrastructure with 24/7 monitoring"",""Private RPC nodes""]","[""per-key analytics""]","[""Global""]",,,,99.95%,NULL,NULL,NULL,NULL,NULL,
nownodes-free-recent-state,Nownodes,,"[""[Website](https://nownodes.io/)"",""[Docs](https://nownodes.gitbook.io/documentation)""]",,Free,Pruned,RPC,EVM JSON-RPC,€0,€0,FALSE,FALSE,"[""All read methods + MPoolPush""]","[""100K reqs/mo"",""1 month only"",""1 API key/15 RPS limit""]","[""Domain name protection"",""Secure infrastructure with 24/7 monitoring""]","[""per-key analytics""]","[""Global""]",,,,99.95%,NULL,NULL,NULL,NULL,NULL,
nownodes-pro-recent-state,Nownodes,,"[""[Buy](https://nownodes.io/pricing)"",""[Docs](https://nownodes.gitbook.io/documentation)""]",Pro,Tiered,Pruned,RPC,EVM JSON-RPC,"€20 (monthly plan), €220 (yearly plan)",€50/€10/1M extra requests,FALSE,FALSE,"[""All read methods + MPoolPush""]","[""1M/30M reqs/mo"",""up to 3/up to 25 API keys""]","[""Domain name protection"",""Secure infrastructure with 24/7 monitoring""]","[""per-key analytics""]","[""Global""]",,,,99.95%,NULL,NULL,NULL,NULL,NULL,
omnia-enterprise-recent-state,Omnia,,"[""[Contact](https://docs.omniatech.io/pricing-plans)""]",Enterprise,Enterprise,Pruned,RPC,EVM JSON-RPC,Custom,Custom,FALSE,TRUE,"[""Public RPC Endpoints"",""Security Features"",""Infrastructure Tools"",""Specialized APIs""]","[""300M req/mo"",""500+ rps""]","[""Front-running and Sandwich Attack Protection"",""Honeypot and Scam Protection""]","[""Uptime and Availability Monitoring"",""Latency Metrics"",""HealthCheck Monitors"",""Data Integrity Checks""]","[""Global""]","[""Advanced Integration and Development Tools"",""AI and Intelligent Automation"",""Security and Compliance"",""Management and Administration""]",null,,99.99%,NULL,,NULL,,NULL,
omnia-free-recent-state,Omnia,,"[""[Website](https://omniatech.io/)"",""[Docs](https://docs.omniatech.io/)""]",Free,Free,Pruned,RPC,EVM JSON-RPC,$0,$0,FALSE,TRUE,"[""Public RPC Endpoints"",""Security Features"",""Infrastructure Tools"",""Specialized APIs""]","[""3M req/mo"",""50 rps""]","[""Front-running and Sandwich Attack Protection"",""Honeypot and Scam Protection""]","[""Uptime and Availability Monitoring"",""Latency Metrics"",""HealthCheck Monitors"",""Data Integrity Checks""]","[""Global""]","[""Advanced Integration and Development Tools"",""AI and Intelligent Automation"",""Security and Compliance"",""Management and Administration""]",null,,99.80%,NULL,,NULL,,NULL,
omnia-pro-elite-recent-state,Omnia,,"[""[Buy](https://docs.omniatech.io/pricing-plans)""]",Pro Elite,Tiered,Pruned,RPC,EVM JSON-RPC,$792/mo,$5.28/1M CUs,FALSE,TRUE,"[""Public RPC Endpoints"",""Security Features"",""Infrastructure Tools"",""Specialized APIs""]","[""150M req/mo"",""250 rps""]","[""Front-running and Sandwich Attack Protection"",""Honeypot and Scam Protection""]","[""Uptime and Availability Monitoring"",""Latency Metrics"",""HealthCheck Monitors"",""Data Integrity Checks""]","[""Global""]","[""Advanced Integration and Development Tools"",""AI and Intelligent Automation"",""Security and Compliance"",""Management and Administration""]",null,,98%,NULL,,NULL,,NULL,
omnia-pro-growth-recent-state,Omnia,,"[""[Buy](https://docs.omniatech.io/pricing-plans)""]",Pro Growth,Tiered,Pruned,RPC,EVM JSON-RPC,$79/mo,$2.633/1M CUs,FALSE,TRUE,"[""Public RPC Endpoints"",""Security Features"",""Infrastructure Tools"",""Specialized APIs""]","[""30M req/mo"",""100 rps""]","[""Front-running and Sandwich Attack Protection"",""Honeypot and Scam Protection""]","[""Uptime and Availability Monitoring"",""Latency Metrics"",""HealthCheck Monitors"",""Data Integrity Checks""]","[""Global""]","[""Advanced Integration and Development Tools"",""AI and Intelligent Automation"",""Security and Compliance"",""Management and Administration""]",null,,,NULL,,NULL,,NULL,
omnia-pro-recent-state,Omnia,,"[""[Buy](https://docs.omniatech.io/pricing-plans)""]",Pro,Tiered,Pruned,RPC,EVM JSON-RPC,$31/mo,$3.44/1M CUs,FALSE,TRUE,"[""Public RPC Endpoints"",""Security Features"",""Infrastructure Tools"",""Specialized APIs""]","[""9M req/mo"",""50 rps""]","[""Front-running and Sandwich Attack Protection"",""Honeypot and Scam Protection""]","[""Uptime and Availability Monitoring"",""Latency Metrics"",""HealthCheck Monitors"",""Data Integrity Checks""]","[""Global""]","[""Advanced Integration and Development Tools"",""AI and Intelligent Automation"",""Security and Compliance"",""Management and Administration""]",null,,,NULL,,NULL,,NULL,
onfinality-accelerate-full-archive,OnFinality,,"[""[Buy](https://onfinality.io/en/pricing)"",""[Docs](https://documentation.onfinality.io/support/)""]",Accelerate,Tiered,Archive,RPC,EVM JSON-RPC,$249,$3.75/million extra units,FALSE,FALSE,"[""Network native APIs"",""Trace API""]","[""20M/100M API response units"",""200/500 response units/sec""]","[""DDoS Protection"",""IP Protection""]","[""Requests count monitoring"",""Response time monitoring"",""Geographical monitoring"",""Per method monitoring""]","[""N.Virginia"",""Ireland"",""Tokyo"",""Frankfurt""]",,,,,NULL,NULL,NULL,NULL,NULL,
onfinality-accelerate-trace,OnFinality,,"[""[Buy](https://onfinality.io/en/pricing)"",""[Docs](https://documentation.onfinality.io/support/)""]",Accelerate,Tiered,Archive,Trace Node,Custom,$249,$3.75/million extra units,FALSE,FALSE,"[""Network native APIs"",""Trace API""]","[""20M/100M API response units"",""200/500 response units/sec""]","[""DDoS Protection"",""IP Protection""]","[""Requests count monitoring"",""Response time monitoring"",""Geographical monitoring"",""Per method monitoring""]","[""N.Virginia"",""Ireland"",""Tokyo"",""Frankfurt""]",,,,,NULL,NULL,NULL,NULL,NULL,
onfinality-dedicated-collator,OnFinality,,"[""[Contact](https://onfinality.io/en/pricing)"",""[Docs](https://documentation.onfinality.io/support/)""]",,Dedicated,Pruned,Collator Node,Custom,Custom,Custom,FALSE,FALSE,"[""Network native APIs"",""Trace API""]",,"[""DDoS Protection"",""IP Protection""]","[""Requests count monitoring"",""Response time monitoring"",""Geographical monitoring"",""Per method monitoring""]","[""N.Virginia"",""Ireland"",""Tokyo"",""Frankfurt""]",,,,,NULL,NULL,NULL,NULL,NULL,
onfinality-dedicated-full-archive,OnFinality,,"[""[Contact](https://onfinality.io/en/pricing)"",""[Docs](https://documentation.onfinality.io/support/)""]",,Dedicated,Archive,RPC,EVM JSON-RPC,Custom,Custom,FALSE,FALSE,"[""Network native APIs"",""Trace API""]",,"[""DDoS Protection"",""IP Protection""]","[""Requests count monitoring"",""Response time monitoring"",""Geographical monitoring"",""Per method monitoring""]","[""N.Virginia"",""Ireland"",""Tokyo"",""Frankfurt""]",,,,,NULL,NULL,NULL,NULL,NULL,
onfinality-dedicated-trace,OnFinality,,"[""[Contact](https://onfinality.io/en/pricing)"",""[Docs](https://documentation.onfinality.io/support/)""]",,Dedicated,Archive,Trace Node,Custom,Custom,Custom,FALSE,FALSE,"[""Network native APIs"",""Trace API""]",,"[""DDoS Protection"",""IP Protection""]","[""Requests count monitoring"",""Response time monitoring"",""Geographical monitoring"",""Per method monitoring""]","[""N.Virginia"",""Ireland"",""Tokyo"",""Frankfurt""]",,,,,NULL,NULL,NULL,NULL,NULL,
onfinality-developer-full-archive,OnFinality,,"[""[Website](https://onfinality.io/en)"",""[Docs](https://documentation.onfinality.io/support/)""]",,Free,Archive,RPC,EVM JSON-RPC,$0,$0,FALSE,FALSE,"[""Network native APIs"",""Trace API""]","[""400K API daily limit"",""40 response units/sec""]","[""DDoS Protection"",""IP Protection""]","[""Requests count monitoring"",""Response time monitoring"",""Geographical monitoring"",""Per method monitoring""]","[""N.Virginia"",""Ireland"",""Tokyo"",""Frankfurt""]",,,,,NULL,NULL,NULL,NULL,NULL,
onfinality-enterprise-full-archive,OnFinality,,"[""[Contact](https://onfinality.io/en/pricing)"",""[Docs](https://documentation.onfinality.io/support/)""]",,Enterprise,Archive,RPC,EVM JSON-RPC,Custom,Custom,FALSE,FALSE,"[""Network native APIs"",""Trace API""]","[""Unlimited response units"",""Custom limits""]","[""DDoS Protection"",""IP Protection""]","[""Requests count monitoring"",""Response time monitoring"",""Geographical monitoring"",""Per method monitoring""]","[""N.Virginia"",""Ireland"",""Tokyo"",""Frankfurt""]",,,,,NULL,NULL,NULL,NULL,NULL,
onfinality-enterprise-trace,OnFinality,,"[""[Contact](https://onfinality.io/en/pricing)"",""[Docs](https://documentation.onfinality.io/support/)""]",,Enterprise,Archive,Trace Node,Custom,Custom,Custom,FALSE,FALSE,"[""Network native APIs"",""Trace API""]","[""Unlimited response units"",""Custom limits""]","[""DDoS Protection"",""IP Protection""]","[""Requests count monitoring"",""Response time monitoring"",""Geographical monitoring"",""Per method monitoring""]","[""N.Virginia"",""Ireland"",""Tokyo"",""Frankfurt""]",,,,,NULL,NULL,NULL,NULL,NULL,
onfinality-free-plan-indexer,OnFinality,,"[""[Buy](https://indexing.onfinality.io/pricing)"",""[Docs](https://documentation.onfinality.io/support/data-indexing-service)""]",Free Plan,Free,Archive,Indexed Data,Custom,Custom,$0,FALSE,FALSE,"[""GraphQL""]","[""2 active projects"",""Up to 500K stored entities"",""Up to 1K free deployment hours each month""]","[""DDoS Protection"",""IP Protection""]","[""Usage analytics"",""Custom dashboards""]","[""Global""]","[""Node Usage costs included in price"",""Support site""]",null,,NULL,NULL,,NULL,,NULL,
onfinality-growth-full-archive,OnFinality,,"[""[Buy](https://onfinality.io/en/pricing)"",""[Docs](https://documentation.onfinality.io/support/)""]",Growth,Tiered,Archive,RPC,EVM JSON-RPC,$49,$6/million extra units,FALSE,FALSE,"[""Network native APIs"",""Trace API""]","[""20M/100M API response units"",""200/500 response units/sec""]","[""DDoS Protection"",""IP Protection""]","[""Requests count monitoring"",""Response time monitoring"",""Geographical monitoring"",""Per method monitoring""]","[""N.Virginia"",""Ireland"",""Tokyo"",""Frankfurt""]",,,,,NULL,NULL,NULL,NULL,NULL,
onfinality-growth-trace,OnFinality,,"[""[Buy](https://onfinality.io/en/pricing)"",""[Docs](https://documentation.onfinality.io/support/)""]",Growth,Tiered,Archive,Trace Node,Custom,$49,$6/million extra units,FALSE,FALSE,"[""Network native APIs"",""Trace API""]","[""20M/100M API response units"",""200/500 response units/sec""]","[""DDoS Protection"",""IP Protection""]","[""Requests count monitoring"",""Response time monitoring"",""Geographical monitoring"",""Per method monitoring""]","[""N.Virginia"",""Ireland"",""Tokyo"",""Frankfurt""]",,,,,NULL,NULL,NULL,NULL,NULL,
onfinality-partner-plan-indexer,OnFinality,,"[""[Buy](https://indexing.onfinality.io/pricing)"",""[Docs](https://documentation.onfinality.io/support/data-indexing-service)""]",Partner Plan,Enterprise,Archive,Indexed Data,Custom,Custom,Custom pricing & SLAs,FALSE,FALSE,"[""GraphQL""]","[""Custom limits"",""Unlimited active projects and storage"",""Unlimited deployment hours each month""]","[""DDoS Protection"",""IP Protection""]","[""Usage analytics"",""Custom dashboards""]","[""Global""]","[""Support site"",""Priority support"",""Slack support"",""Telegram support""]",null,,NULL,NULL,,NULL,,NULL,
onfinality-standard-plan-indexer,OnFinality,,"[""[Buy](https://indexing.onfinality.io/pricing)"",""[Docs](https://documentation.onfinality.io/support/data-indexing-service)""]",Standard Plan,Tiered,Archive,Indexed Data,Custom,Custom,"$3.5 per additional 100K stored entities per month, $1 per additional 100K stored entities per month after 10M stored entities",FALSE,FALSE,"[""GraphQL""]","[""First 500K stored entities are free"",""$1/additional 100K stored entities/mo after 10M stored entities"",""Unlimited active projects and storage"",""Unlimited deployment hours each month""]","[""DDoS Protection"",""IP Protection""]","[""Usage analytics"",""Custom dashboards""]","[""Global""]","[""Node and API Usage costs included in price"",""Telegram support"",""Support site""]",null,,,NULL,,NULL,,NULL,
ormi-enterprise-indexer,Ormi Labs,,"[""[Website](https://ormilabs.com/)""]",,Free,Archive,Indexed Data,The Graph,$0,$10/1M entities stored,FALSE,FALSE,"[""GraphQL"",""REST API""]","[""Custom limits"",""unlimited custom subgraphs""]","[""Encryption and monitoring""]","[""Real-time analytics""]","[""Global""]","[""Uptime and latency SLA"",""Optional dedicated environment""]",null,,,NULL,,NULL,,NULL,
ormi-free-indexer,Ormi Labs,,"[""[Website](https://ormilabs.com/)""]",,Free,Archive,Indexed Data,The Graph,$0,$0,FALSE,FALSE,"[""GraphQL"",""REST API""]","[""TPS: 20 req/10s"",""100K entities included"",""3 custom subgraphs""]","[""Encryption and monitoring""]","[""Real-time analytics""]","[""Global""]","[""Email support""]",null,,,NULL,,NULL,,NULL,
ormi-pay-as-you-go-indexer,Ormi Labs,,"[""[Website](https://ormilabs.com/)""]",,Free,Archive,Indexed Data,The Graph,$0,$40/1M entities stored,FALSE,FALSE,"[""GraphQL"",""REST API""]","[""TPS: 50 req/10s"",""unlimited custom subgraphs""]","[""Encryption and monitoring""]","[""Real-time analytics""]","[""Global""]","[""Premium support via Email, Slack, and Telegram""]",null,,,NULL,,NULL,,NULL,
publicnode-public-recent-state,PublicNode,,"[""[Website](https://publicnode.com/)""]",,Public,Pruned,RPC,EVM JSON-RPC,$0,$0,FALSE,FALSE,"[""eth"",""web3"",""net""]",,"[""DDoS Protection"", ""Privacy-relays""]","[""Tracking key"",""Node health metrics"",""Advanced monitoring"",""Custom metrics""]","[""Global""]",,,,,NULL,NULL,NULL,NULL,NULL,
quicknode-accelerate-full-archive,QuickNode,,"[""[Buy](https://quicknode.com/signup?via=larry)"",""[Docs](https://www.quicknode.com/docs/welcome)""]",Accelerate,Tiered,Archive,RPC,EVM JSON-RPC,"$249/mo (monthly plan), $212/mo (yearly plan)",$0.55 per 1M extra API credits,FALSE,FALSE,"[""eth"",""net"",""web3"",""debug"",""trace""]","[""450M API credits"",""20 endpoints"",""125 reqs/sec""]","[""DDoS Protection"",""IP Protection"",""Privacy preserving"",""SAML SSO""]","[""Usage analytics"",""Custom dashboards"",""Alerts & endpoints monitoring"",""Advanced analytics""]","[""Global""]","[""Multi-Chain SDK"",""Smart Contract Explorer & Gas Tracker""]",null,,99.99%,NULL,NULL,NULL,NULL,NULL,
quicknode-accelerate-recent-state,QuickNode,,"[""[Buy](https://quicknode.com/signup?via=larry)"",""[Docs](https://www.quicknode.com/docs/welcome)""]",Accelerate,Tiered,Pruned,RPC,EVM JSON-RPC,"$249/mo (monthly plan), $212/mo (yearly plan)",$0.55 per 1M extra API credits,FALSE,FALSE,"[""eth"",""net"",""web3"",""debug"",""trace""]","[""450M API credits"",""20 endpoints"",""125 reqs/sec""]","[""DDoS Protection"",""IP Protection"",""Privacy preserving"",""SAML SSO""]","[""Usage analytics"",""Custom dashboards"",""Alerts & endpoints monitoring"",""Advanced analytics""]","[""Global""]","[""Multi-Chain SDK"",""Smart Contract Explorer & Gas Tracker""]",null,,99.99%,NULL,NULL,NULL,NULL,NULL,
quicknode-build-full-archive,QuickNode,,"[""[Buy](https://quicknode.com/signup?via=larry)"",""[Docs](https://www.quicknode.com/docs/welcome)""]",Build,Tiered,Archive,RPC,EVM JSON-RPC,"$49/mo (monthly plan),$42/mo (yearly plan)",$0.62 per 1M extra API credits,FALSE,FALSE,"[""eth"",""net"",""web3"",""debug"",""trace""]","[""80M API credits"",""10 endpoints"",""50 reqs/sec""]","[""DDoS Protection"",""IP Protection"",""Privacy preserving"",""SAML SSO""]","[""Usage analytics"",""Custom dashboards"",""Alerts & endpoints monitoring"",""Advanced analytics""]","[""Global""]","[""Multi-Chain SDK"",""Smart Contract Explorer & Gas Tracker""]",null,,99.99%,NULL,NULL,NULL,NULL,NULL,
quicknode-build-recent-state,QuickNode,,"[""[Buy](https://quicknode.com/signup?via=larry)"",""[Docs](https://www.quicknode.com/docs/welcome)""]",Build,Tiered,Pruned,RPC,EVM JSON-RPC,"$49/mo (monthly plan),$42/mo (yearly plan)",$0.62 per 1M extra API credits,FALSE,FALSE,"[""eth"",""net"",""web3"",""debug"",""trace""]","[""80M API credits"",""10 endpoints"",""50 reqs/sec""]","[""DDoS Protection"",""IP Protection"",""Privacy preserving"",""SAML SSO""]","[""Usage analytics"",""Custom dashboards"",""Alerts & endpoints monitoring"",""Advanced analytics""]","[""Global""]","[""Multi-Chain SDK"",""Smart Contract Explorer & Gas Tracker""]",null,,99.99%,NULL,NULL,NULL,NULL,NULL,
quicknode-business-full-archive,QuickNode,,"[""[Buy](https://quicknode.com/signup?via=larry)"",""[Docs](https://www.quicknode.com/docs/welcome)""]",Business,Tiered,Archive,RPC,EVM JSON-RPC,"$999/mo (monthly plan), $849/mo (yearly plan)",$0.5 per 1M extra API credits,FALSE,FALSE,"[""eth"",""net"",""web3"",""debug"",""trace""]","[""2B API credits"",""50 endpoints"",""500 reqs/sec""]","[""DDoS Protection"",""IP Protection"",""Privacy preserving"",""SAML SSO""]","[""Usage analytics"",""Custom dashboards"",""Alerts & endpoints monitoring"",""Advanced analytics""]","[""Global""]","[""Multi-Chain SDK"",""Smart Contract Explorer & Gas Tracker""]",null,,99.99%,NULL,NULL,NULL,NULL,NULL,
quicknode-business-recent-state,QuickNode,,"[""[Buy](https://quicknode.com/signup?via=larry)"",""[Docs](https://www.quicknode.com/docs/welcome)""]",Business,Tiered,Pruned,RPC,EVM JSON-RPC,"$999/mo (monthly plan), $849/mo (yearly plan)",$0.5 per 1M extra API credits,FALSE,FALSE,"[""eth"",""net"",""web3"",""debug"",""trace""]","[""2B API credits"",""50 endpoints"",""500 reqs/sec""]","[""DDoS Protection"",""IP Protection"",""Privacy preserving"",""SAML SSO""]","[""Usage analytics"",""Custom dashboards"",""Alerts & endpoints monitoring"",""Advanced analytics""]","[""Global""]","[""Multi-Chain SDK"",""Smart Contract Explorer & Gas Tracker""]",null,,99.99%,NULL,NULL,NULL,NULL,NULL,
quicknode-enterprise-full-archive,QuickNode,,"[""[Contact](https://quicknode.com/signup?via=larry)"",""[Docs](https://www.quicknode.com/docs/welcome)""]",Enterprise,Enterprise,Archive,RPC,EVM JSON-RPC,Custom,Custom,FALSE,FALSE,"[""eth"",""net"",""web3"",""debug"",""trace""]","[""Custom"",""Unlimited endpoints"",""Custom""]","[""DDoS Protection"",""IP Protection"",""Privacy preserving"",""SAML SSO""]","[""Usage analytics"",""Custom dashboards"",""Alerts & endpoints monitoring"",""Advanced analytics""]","[""Global""]","[""Multi-Chain SDK"",""Smart Contract Explorer & Gas Tracker""]",null,,,NULL,NULL,NULL,NULL,NULL,
quicknode-enterprise-recent-state,QuickNode,,"[""[Contact](https://quicknode.com/signup?via=larry)"",""[Docs](https://www.quicknode.com/docs/welcome)""]",Enterprise,Enterprise,Pruned,RPC,EVM JSON-RPC,Custom,Custom,FALSE,FALSE,"[""eth"",""net"",""web3"",""debug"",""trace""]","[""Custom"",""Unlimited endpoints"",""Custom""]","[""DDoS Protection"",""IP Protection"",""Privacy preserving"",""SAML SSO""]","[""Usage analytics"",""Custom dashboards"",""Alerts & endpoints monitoring"",""Advanced analytics""]","[""Global""]","[""Multi-Chain SDK"",""Smart Contract Explorer & Gas Tracker""]",null,,,NULL,NULL,NULL,NULL,NULL,
quicknode-scale-full-archive,QuickNode,,"[""[Buy](https://quicknode.com/signup?via=larry)"",""[Docs](https://www.quicknode.com/docs/welcome)""]",Scale,Tiered,Archive,RPC,EVM JSON-RPC,"$499/mo (monthly plan),$424/mo (yearly plan)",$0.53 per 1M extra API credits,FALSE,FALSE,"[""eth"",""net"",""web3"",""debug"",""trace""]","[""950M API credits"",""50 endpoints"",""250 reqs/sec""]","[""DDoS Protection"",""IP Protection"",""Privacy preserving"",""SAML SSO""]","[""Usage analytics"",""Custom dashboards"",""Alerts & endpoints monitoring"",""Advanced analytics""]","[""Global""]","[""Multi-Chain SDK"",""Smart Contract Explorer & Gas Tracker""]",null,,99.99%,NULL,NULL,NULL,NULL,NULL,
quicknode-scale-recent-state,QuickNode,,"[""[Buy](https://quicknode.com/signup?via=larry)"",""[Docs](https://www.quicknode.com/docs/welcome)""]",Scale,Tiered,Pruned,RPC,EVM JSON-RPC,"$499/mo (monthly plan),$424/mo (yearly plan)",$0.53 per 1M extra API credits,FALSE,FALSE,"[""eth"",""net"",""web3"",""debug"",""trace""]","[""950M API credits"",""50 endpoints"",""250 reqs/sec""]","[""DDoS Protection"",""IP Protection"",""Privacy preserving"",""SAML SSO""]","[""Usage analytics"",""Custom dashboards"",""Alerts & endpoints monitoring"",""Advanced analytics""]","[""Global""]","[""Multi-Chain SDK"",""Smart Contract Explorer & Gas Tracker""]",null,,99.99%,NULL,NULL,NULL,NULL,NULL,
radiumblock-enterprise-recent-state,RadiumBlock,,"[""[Contact](https://radiumblock.com/contact.html)""]",,Enterprise,Pruned,RPC,EVM JSON-RPC,Custom,Custom,FALSE,FALSE,"[""Decentralized RPC endpoints"",""Multi-chain support""]","[""rate limiting applies""]",,"[""Advanced encryption protocols"",""Continuous monitoring"",""Automated failover mechanisms""]","[""Global""]",,,,,NULL,NULL,NULL,NULL,NULL,
radiumblock-free-recent-state,RadiumBlock,,"[""[Website](https://radiumblock.com)""]",,Free,Pruned,RPC,EVM JSON-RPC,$0,$0,FALSE,FALSE,"[""Decentralized RPC endpoints"",""Multi-chain support""]","[""rate limiting applies""]",,"[""Advanced encryption protocols"",""Continuous monitoring"",""Automated failover mechanisms""]","[""Global""]",,,,,NULL,NULL,NULL,NULL,NULL,
radiumblock-pay-as-you-go-recent-state,RadiumBlock,,"[""[Buy](https://radiumblock.com/pricing.html)""]",,Pay-as-you-go,Pruned,RPC,EVM JSON-RPC,$150/$400/$750,,FALSE,FALSE,"[""Decentralized RPC endpoints"",""Multi-chain support""]","[""rate limiting applies""]",,"[""Advanced encryption protocols"",""Continuous monitoring"",""Automated failover mechanisms""]","[""Global""]",,,,,NULL,NULL,NULL,NULL,NULL,
rpcfast-enterprise-full-archive,RPCFast,,"[""[Website](https://rpcfast.com)"",""[Docs](https://docs.rpcfast.com/rpc-fast-saas/pricing-and-plans)"",""[Contact](https://docs.rpcfast.com/contacts-and-support/contacts)""]",,Enterprise,Archive,RPC,EVM JSON-RPC,From $2000/mo + server cost,$0,FALSE,FALSE,"[""eth"",""net"",""web3"",""trace"",""bor"",""erigon""]","[""custom limits""]","[""Full-cycle DevOps service""]","[""Real-time monitoring"",""Predictive automatic Autoscaling""]","[""Global""]",,,,99.9%,NULL,NULL,NULL,NULL,NULL,
rpcfast-free-recent-state,RPCFast,,"[""[Website](https://rpcfast.com)"",""[Docs](https://docs.rpcfast.com/rpc-fast-saas/pricing-and-plans)"",""[Contact](https://docs.rpcfast.com/contacts-and-support/contacts)""]",,Free,Pruned,RPC,EVM JSON-RPC,$0,$0,FALSE,FALSE,"[""eth"",""net"",""web3"",""trace"",""bor"",""erigon""]","[""300M CU"",""WS bandwidth 0.04 CU/byte""]","[""Unique API Key""]","[""Dashboard & Statistics"",""AI-based predictive autoscaling""]","[""Europe""]",,,,99.9%,NULL,NULL,NULL,NULL,NULL,
sentio-enterprise-full-archive,Sentio,,"[""[Contact](https://www.sentio.xyz/contact-us/index.html)"",""[Docs](https://docs.sentio.xyz/docs/readme)""]",,Enterprise,Archive,RPC,EVM JSON-RPC,Custom,Custom,FALSE,TRUE,"[""AI Chat API"",""Web API"",""Debug API"",""Data API""]","[""custom limits""]","[""Cost-Based Abuse Protection"",""Debugger"",""API key attribution"",""DDoS Protection""]","[""Metrics Collection System"",""Event Logs Analytics"",""SQL or GraphQL queries"",""Analytics Dashboard"",""Error Rate Monitoring""]","[""Global""]","[""Sentio SDK for Blockchain Data Collection"",""Advanced Transaction Debugging Tools"",""Transaction Simulation"",""No-Code AI Agent Builder"",""Staking and Revenue Sharing""]",null,,99.99%,NULL,NULL,NULL,NULL,NULL,
sentio-enterprise-indexer,Sentio,,"[""[Contact](https://www.sentio.xyz/contact-us/index.html)"",""[Docs](https://docs.sentio.xyz/docs/readme)""]",,Enterprise,Archive,Indexed Data,Custom,Custom,Custom,FALSE,TRUE,"[""AI Chat API"",""Web API"",""Debug API"",""Data API""]","[""custom limits""]","[""Cost-Based Abuse Protection"",""Debugger"",""API key attribution"",""DDoS Protection""]","[""Metrics Collection System"",""Event Logs Analytics"",""SQL or GraphQL queries"",""Analytics Dashboard"",""Error Rate Monitoring""]","[""Global""]","[""Sentio SDK for Blockchain Data Collection"",""Advanced Transaction Debugging Tools"",""Transaction Simulation"",""No-Code AI Agent Builder"",""Staking and Revenue Sharing""]",null,,99.99%,NULL,NULL,NULL,NULL,NULL,
sentio-free-full-archive,Sentio,,"[""[Website](https://www.sentio.xyz/)"",""[Docs](https://docs.sentio.xyz/docs/readme)""]",,Free,Archive,RPC,Custom,$0,,FALSE,TRUE,"[""AI Chat API"",""Web API"",""Debug API"",""Data API""]","[""200M Sus/mo""]","[""Cost-Based Abuse Protection"",""Debugger"",""API key attribution"",""DDoS Protection""]","[""Metrics Collection System"",""Event Logs Analytics"",""SQL or GraphQL queries"",""Analytics Dashboard"",""Error Rate Monitoring""]","[""Global""]","[""Sentio SDK for Blockchain Data Collection"",""Advanced Transaction Debugging Tools"",""Transaction Simulation"",""No-Code AI Agent Builder"",""Staking and Revenue Sharing""]",null,,99.99%,NULL,NULL,NULL,NULL,NULL,
sentio-free-indexer,Sentio,,"[""[Website](https://www.sentio.xyz/)"",""[Docs](https://docs.sentio.xyz/docs/readme)""]",,Free,Archive,Indexed Data,Custom,$0,,FALSE,TRUE,"[""AI Chat API"",""Web API"",""Debug API"",""Data API""]","[""200M Sus/mo""]","[""Cost-Based Abuse Protection"",""Debugger"",""API key attribution"",""DDoS Protection""]","[""Metrics Collection System"",""Event Logs Analytics"",""SQL or GraphQL queries"",""Analytics Dashboard"",""Error Rate Monitoring""]","[""Global""]","[""Sentio SDK for Blockchain Data Collection"",""Advanced Transaction Debugging Tools"",""Transaction Simulation"",""No-Code AI Agent Builder"",""Staking and Revenue Sharing""]",null,,99.99%,NULL,NULL,NULL,NULL,NULL,
sentio-pay-as-you-go-full-archive,Sentio,,"[""[Buy](https://sentio.xyz/pricing)"",""[Docs](https://docs.sentio.xyz/docs/readme)""]",,Pay-as-you-go,Archive,RPC,Custom,"$3/100M SUs, $30/1B SUs, $630/30B SUs, $1230/60B Sus",$0.02/1M Sus,FALSE,TRUE,"[""AI Chat API"",""Web API"",""Debug API"",""Data API""]",,"[""Cost-Based Abuse Protection"",""Debugger"",""API key attribution"",""DDoS Protection""]","[""Metrics Collection System"",""Event Logs Analytics"",""SQL or GraphQL queries"",""Analytics Dashboard"",""Error Rate Monitoring""]","[""Global""]","[""Sentio SDK for Blockchain Data Collection"",""Advanced Transaction Debugging Tools"",""Transaction Simulation"",""No-Code AI Agent Builder"",""Staking and Revenue Sharing""]",null,,99.99%,NULL,NULL,NULL,NULL,NULL,
sentio-pay-as-you-go-indexer,Sentio,,"[""[Buy](https://sentio.xyz/pricing)"",""[Docs](https://docs.sentio.xyz/docs/readme)""]",,Pay-as-you-go,Archive,Indexed Data,Custom,"$3/100M SUs, $30/1B SUs, $630/30B SUs, $1230/60B Sus",$0.02/1M Sus,FALSE,TRUE,"[""AI Chat API"",""Web API"",""Debug API"",""Data API""]",,"[""Cost-Based Abuse Protection"",""Debugger"",""API key attribution"",""DDoS Protection""]","[""Metrics Collection System"",""Event Logs Analytics"",""SQL or GraphQL queries"",""Analytics Dashboard"",""Error Rate Monitoring""]","[""Global""]","[""Sentio SDK for Blockchain Data Collection"",""Advanced Transaction Debugging Tools"",""Transaction Simulation"",""No-Code AI Agent Builder"",""Staking and Revenue Sharing""]",null,,99.99%,NULL,NULL,NULL,NULL,NULL,
somnia-free-recent-state,Somnia,,"[""[Website](https://browser.somnia.network/)"",""[Docs](https://docs.somnia.network/)""]",,Free,Pruned,RPC,EVM JSON-RPC,$0,$0,FALSE,FALSE,"[""eth"",""web3"",""net""]","[""Rate limits apply""]","[""DDoS Protection"",""IP Protection""]","[""Usage analytics""]","[""Global""]",,,,NULL,NULL,NULL,NULL,NULL,NULL,
spectrum-business-full-archive,Spectrum,,"[""[Buy](https://spectrumnodes.com/pricing)"",""[Docs](https://spectrumnodes.com/docs)""]",Business,Tiered,Archive,RPC,EVM JSON-RPC,€150/mo,€1.6/10M CUs,FALSE,TRUE,"[""eth"",""web3"",""net""]","[""900M CUs/mo"",""200 RPS"",""18M average no of reqs"",""10 projects""]","[""Fortified Infrastructure"",""High Performance & Reliability"",""Multi-Chain Support"",""Secure Access Controls""]","[""Unified Dashboard for Insights"",""Real-Time Monitoring"",""Operational Telemetry Tools"",""Automatic Failover & Load Balancing"",""API Usage Analytics""]","[""Global""]","[""24/7 Technical Support"",""API Key Management"",""Intelligent Load Balancing"",""Developer Libraries"",""Bare Metal Infrastructure""]",null,,99.99%,NULL,NULL,NULL,NULL,NULL,
spectrum-business-recent-state,Spectrum,,"[""[Buy](https://spectrumnodes.com/pricing)"",""[Docs](https://spectrumnodes.com/docs)""]",Business,Tiered,Pruned,RPC,EVM JSON-RPC,€150/mo,€1.6/10M CUs,FALSE,TRUE,"[""eth"",""web3"",""net""]","[""900M CUs/mo"",""200 RPS"",""18M average no of reqs"",""10 projects""]","[""Fortified Infrastructure"",""High Performance & Reliability"",""Multi-Chain Support"",""Secure Access Controls""]","[""Unified Dashboard for Insights"",""Real-Time Monitoring"",""Operational Telemetry Tools"",""Automatic Failover & Load Balancing"",""API Usage Analytics""]","[""Global""]","[""24/7 Technical Support"",""API Key Management"",""Intelligent Load Balancing"",""Developer Libraries"",""Bare Metal Infrastructure""]",null,,99.99%,NULL,NULL,NULL,NULL,NULL,
spectrum-business-trace,Spectrum,,"[""[Buy](https://spectrumnodes.com/pricing)"",""[Docs](https://spectrumnodes.com/docs)""]",Business,Tiered,Trace,RPC,EVM JSON-RPC,€150/mo,€1.6/10M CUs,FALSE,TRUE,"[""eth"",""web3"",""net""]","[""900M CUs/mo"",""200 RPS"",""18M average no of reqs"",""10 projects""]","[""Fortified Infrastructure"",""High Performance & Reliability"",""Multi-Chain Support"",""Secure Access Controls""]","[""Unified Dashboard for Insights"",""Real-Time Monitoring"",""Operational Telemetry Tools"",""Automatic Failover & Load Balancing"",""API Usage Analytics""]","[""Global""]","[""24/7 Technical Support"",""API Key Management"",""Intelligent Load Balancing"",""Developer Libraries"",""Bare Metal Infrastructure""]",null,,99.99%,NULL,NULL,NULL,NULL,NULL,
spectrum-custom-full-archive,Spectrum,,"[""[Contact](https://spectrumnodes.com/pricing)"",""[Docs](https://spectrumnodes.com/docs)""]",Custom,Enterprise,Archive,RPC,EVM JSON-RPC,Custom,Custom,FALSE,TRUE,"[""eth"",""web3"",""net""]","[""Custom limits""]","[""Fortified Infrastructure"",""High Performance & Reliability"",""Multi-Chain Support"",""Secure Access Controls""]","[""Unified Dashboard for Insights"",""Custom monitoring"",""Operational Telemetry Tools"",""Automatic Failover & Load Balancing"",""API Usage Analytics""]","[""Global""]","[""24/7 Technical Support"",""API Key Management"",""Intelligent Load Balancing"",""Developer Libraries"",""Bare Metal Infrastructure""]",null,,99.99%,NULL,NULL,NULL,NULL,NULL,
spectrum-custom-recent-state,Spectrum,,"[""[Contact](https://spectrumnodes.com/pricing)"",""[Docs](https://spectrumnodes.com/docs)""]",Custom,Enterprise,Pruned,RPC,EVM JSON-RPC,Custom,Custom,FALSE,TRUE,"[""eth"",""web3"",""net""]","[""Custom limits""]","[""Fortified Infrastructure"",""High Performance & Reliability"",""Multi-Chain Support"",""Secure Access Controls""]","[""Unified Dashboard for Insights"",""Custom monitoring"",""Operational Telemetry Tools"",""Automatic Failover & Load Balancing"",""API Usage Analytics""]","[""Global""]","[""24/7 Technical Support"",""API Key Management"",""Intelligent Load Balancing"",""Developer Libraries"",""Bare Metal Infrastructure""]",null,,99.99%,NULL,NULL,NULL,NULL,NULL,
spectrum-custom-trace,Spectrum,,"[""[Contact](https://spectrumnodes.com/pricing)"",""[Docs](https://spectrumnodes.com/docs)""]",Custom,Enterprise,Trace,RPC,EVM JSON-RPC,Custom,Custom,FALSE,TRUE,"[""eth"",""web3"",""net""]","[""Custom limits""]","[""Fortified Infrastructure"",""High Performance & Reliability"",""Multi-Chain Support"",""Secure Access Controls""]","[""Unified Dashboard for Insights"",""Custom monitoring"",""Operational Telemetry Tools"",""Automatic Failover & Load Balancing"",""API Usage Analytics""]","[""Global""]","[""24/7 Technical Support"",""API Key Management"",""Intelligent Load Balancing"",""Developer Libraries"",""Bare Metal Infrastructure""]",null,,99.99%,NULL,NULL,NULL,NULL,NULL,
spectrum-developer-full-archive,Spectrum,,"[""[Buy](https://spectrumnodes.com/pricing)"",""[Docs](https://spectrumnodes.com/docs)""]",Developer,Tiered,Archive,RPC,EVM JSON-RPC,€35/mo,€1.9/10M CUs,FALSE,TRUE,"[""eth"",""web3"",""net""]","[""185M CUs/mo"",""50 RPS"",""3.7M average no of reqs"",""5 projects""]","[""Fortified Infrastructure"",""High Performance & Reliability"",""Multi-Chain Support"",""Secure Access Controls""]","[""Unified Dashboard for Insights"",""Real-Time Monitoring"",""Operational Telemetry Tools"",""Automatic Failover & Load Balancing"",""API Usage Analytics""]","[""Global""]","[""24/7 Technical Support"",""API Key Management"",""Intelligent Load Balancing"",""Developer Libraries"",""Bare Metal Infrastructure""]",null,,99.99%,NULL,NULL,NULL,NULL,NULL,
spectrum-developer-recent-state,Spectrum,,"[""[Buy](https://spectrumnodes.com/pricing)"",""[Docs](https://spectrumnodes.com/docs)""]",Developer,Tiered,Pruned,RPC,EVM JSON-RPC,$9.99/mo,$2/10M credits,FALSE,FALSE,"[""HTTPS"",""WebSocket"",""JSON-RPC""]","[""70M credits/mo"",""50 requests/sec""]","[""Bare-metal infrastructure"",""Real-time redundancy""]","[""Usage metrics dashboard""]","[""Global""]","[""Unlimited endpoints"",""All APIs"",""24/7 support""]",,,99.99%,NULL,,NULL,,NULL,
spectrum-developer-trace,Spectrum,,"[""[Buy](https://spectrumnodes.com/pricing)"",""[Docs](https://spectrumnodes.com/docs)""]",Developer,Tiered,Trace,RPC,EVM JSON-RPC,€35/mo,€1.9/10M CUs,FALSE,TRUE,"[""eth"",""web3"",""net""]","[""185M CUs/mo"",""50 RPS"",""3.7M average no of reqs"",""5 projects""]","[""Fortified Infrastructure"",""High Performance & Reliability"",""Multi-Chain Support"",""Secure Access Controls""]","[""Unified Dashboard for Insights"",""Real-Time Monitoring"",""Operational Telemetry Tools"",""Automatic Failover & Load Balancing"",""API Usage Analytics""]","[""Global""]","[""24/7 Technical Support"",""API Key Management"",""Intelligent Load Balancing"",""Developer Libraries"",""Bare Metal Infrastructure""]",null,,99.99%,NULL,NULL,NULL,NULL,NULL,
spectrum-enterprise-full-archive,Spectrum,,"[""[Buy](https://spectrumnodes.com/pricing)"",""[Docs](https://spectrumnodes.com/docs)""]",Enterprise,Tiered,Archive,RPC,EVM JSON-RPC,€500/mo,€1.3/10M CUs,FALSE,TRUE,"[""eth"",""web3"",""net""]","[""3.6B CUs/mo"",""300 RPS"",""72M average no of reqs"",""Unlimited projects""]","[""Fortified Infrastructure"",""High Performance & Reliability"",""Multi-Chain Support"",""Secure Access Controls""]","[""Unified Dashboard for Insights"",""Real-Time Monitoring"",""Operational Telemetry Tools"",""Automatic Failover & Load Balancing"",""API Usage Analytics""]","[""Global""]","[""24/7 Technical Support"",""API Key Management"",""Intelligent Load Balancing"",""Developer Libraries"",""Bare Metal Infrastructure""]",null,,99.99%,NULL,NULL,NULL,NULL,NULL,
spectrum-enterprise-recent-state,Spectrum,,"[""[Buy](https://spectrumnodes.com/pricing)"",""[Docs](https://spectrumnodes.com/docs)""]",Enterprise,Tiered,Pruned,RPC,EVM JSON-RPC,€500/mo,€1.3/10M CUs,FALSE,TRUE,"[""eth"",""web3"",""net""]","[""3.6B CUs/mo"",""300 RPS"",""72M average no of reqs"",""Unlimited projects""]","[""Fortified Infrastructure"",""High Performance & Reliability"",""Multi-Chain Support"",""Secure Access Controls""]","[""Unified Dashboard for Insights"",""Real-Time Monitoring"",""Operational Telemetry Tools"",""Automatic Failover & Load Balancing"",""API Usage Analytics""]","[""Global""]","[""24/7 Technical Support"",""API Key Management"",""Intelligent Load Balancing"",""Developer Libraries"",""Bare Metal Infrastructure""]",null,,99.99%,NULL,NULL,NULL,NULL,NULL,
spectrum-enterprise-trace,Spectrum,,"[""[Buy](https://spectrumnodes.com/pricing)"",""[Docs](https://spectrumnodes.com/docs)""]",Enterprise,Tiered,Trace,RPC,EVM JSON-RPC,€500/mo,€1.3/10M CUs,FALSE,TRUE,"[""eth"",""web3"",""net""]","[""3.6B CUs/mo"",""300 RPS"",""72M average no of reqs"",""Unlimited projects""]","[""Fortified Infrastructure"",""High Performance & Reliability"",""Multi-Chain Support"",""Secure Access Controls""]","[""Unified Dashboard for Insights"",""Real-Time Monitoring"",""Operational Telemetry Tools"",""Automatic Failover & Load Balancing"",""API Usage Analytics""]","[""Global""]","[""24/7 Technical Support"",""API Key Management"",""Intelligent Load Balancing"",""Developer Libraries"",""Bare Metal Infrastructure""]",null,,99.99%,NULL,NULL,NULL,NULL,NULL,
spectrum-free-full-archive,Spectrum,,"[""[Website](https://spectrumnodes.com/)"",""[Docs](https://spectrumnodes.com/docs)""]",,Free,Archive,RPC,EVM JSON-RPC,€0,,FALSE,TRUE,"[""eth"",""web3"",""net""]","[""25M CUs/mo"",""20 RPS"",""500K average no of reqs"",""3 projects""]","[""Fortified Infrastructure"",""High Performance & Reliability"",""Multi-Chain Support"",""Secure Access Controls""]","[""Unified Dashboard for Insights"",""Real-Time Monitoring"",""Operational Telemetry Tools"",""Automatic Failover & Load Balancing"",""API Usage Analytics""]","[""Global""]","[""24/7 Technical Support"",""API Key Management"",""Intelligent Load Balancing"",""Developer Libraries"",""Bare Metal Infrastructure""]",null,,99.99%,NULL,NULL,NULL,NULL,NULL,
spectrum-free-recent-state,Spectrum,,"[""[Website](https://spectrumnodes.com/)"",""[Docs](https://spectrumnodes.com/docs)""]",,Free,Pruned,RPC,EVM JSON-RPC,€0,,FALSE,TRUE,"[""eth"",""web3"",""net""]","[""25M CUs/mo"",""20 RPS"",""500K average no of reqs"",""3 projects""]","[""Fortified Infrastructure"",""High Performance & Reliability"",""Multi-Chain Support"",""Secure Access Controls""]","[""Unified Dashboard for Insights"",""Real-Time Monitoring"",""Operational Telemetry Tools"",""Automatic Failover & Load Balancing"",""API Usage Analytics""]","[""Global""]","[""24/7 Technical Support"",""API Key Management"",""Intelligent Load Balancing"",""Developer Libraries"",""Bare Metal Infrastructure""]",null,,99.99%,NULL,NULL,NULL,NULL,NULL,
spectrum-free-trace,Spectrum,,"[""[Website](https://spectrumnodes.com/)"",""[Docs](https://spectrumnodes.com/docs)""]",,Free,Trace,RPC,EVM JSON-RPC,€0,,FALSE,TRUE,"[""eth"",""web3"",""net""]","[""25M CUs/mo"",""20 RPS"",""500K average no of reqs"",""3 projects""]","[""Fortified Infrastructure"",""High Performance & Reliability"",""Multi-Chain Support"",""Secure Access Controls""]","[""Unified Dashboard for Insights"",""Real-Time Monitoring"",""Operational Telemetry Tools"",""Automatic Failover & Load Balancing"",""API Usage Analytics""]","[""Global""]","[""24/7 Technical Support"",""API Key Management"",""Intelligent Load Balancing"",""Developer Libraries"",""Bare Metal Infrastructure""]",null,,99.99%,NULL,NULL,NULL,NULL,NULL,
speedynodes-advanced-full-archive,SpeedyNodes,,"[""[Buy](https://dashboard.speedynodes.net/plans)"",""[Docs](https://docs.speedynodes.com/networks/overview/)""]",Advanced,Tiered,Archive,RPC,EVM JSON-RPC,$99/mo + double RPS cost,,FALSE,TRUE,"[""eth"", ""net"", ""web3"", ""txpool"", ""debug"", ""trace namespaces""]","[""150 Total RPS"",""50 WebSocket connections"",""5 Burst capacity""]","[""API Key Authentication"",""No KYC Policy"",""High-Availability Infrastructure""]","[""Real-time Node Status Dashboard"",""Latency Monitor""]","[""Europe""]","[""24/7 Support"",""WebSocket Support"",""Advanced debugging capabilities""]",null,,99.9%,NULL,NULL,NULL,NULL,NULL,
speedynodes-advanced-recent-state,SpeedyNodes,,"[""[Buy](https://dashboard.speedynodes.net/plans)"",""[Docs](https://docs.speedynodes.com/networks/overview/)""]",Advanced,Tiered,Pruned,RPC,EVM JSON-RPC,$99/mo,,FALSE,TRUE,"[""eth"", ""net"", ""web3"", ""txpool"", ""debug"", ""trace namespaces""]","[""150 Total RPS"",""50 WebSocket connections"",""5 Burst capacity""]","[""API Key Authentication"",""No KYC Policy"",""High-Availability Infrastructure""]","[""Real-time Node Status Dashboard"",""Latency Monitor""]","[""Europe""]","[""24/7 Support"",""WebSocket Support"",""Advanced debugging capabilities""]",null,,99.9%,NULL,NULL,NULL,NULL,NULL,
speedynodes-dedicated-full-archive,SpeedyNodes,,"[""[Contact](https://dashboard.speedynodes.net/plans)"",""[Docs](https://docs.speedynodes.com/networks/overview/)""]",,Dedicated,Archive,RPC,EVM JSON-RPC,up to $249/mo,,FALSE,TRUE,"[""eth"", ""net"", ""web3"", ""txpool"", ""debug"", ""trace namespaces""]","[""Unlimited RPS"",""Unlimited burst"",""1K Websocket connections""]","[""API Key Authentication"",""No KYC Policy"",""High-Availability Infrastructure""]","[""Real-time Node Status Dashboard"",""Latency Monitor""]","[""Europe""]","[""24/7 Support"",""WebSocket Support"",""Advanced debugging capabilities""]",null,,99.9%,NULL,NULL,NULL,NULL,NULL,
speedynodes-dedicated-recent-state,SpeedyNodes,,"[""[Contact](https://dashboard.speedynodes.net/plans)"",""[Docs](https://docs.speedynodes.com/networks/overview/)""]",,Dedicated,Pruned,RPC,EVM JSON-RPC,up to $249/mo,,FALSE,TRUE,"[""eth"", ""net"", ""web3"", ""txpool"", ""debug"", ""trace namespaces""]","[""Unlimited RPS"",""Unlimited burst"",""1K Websocket connections""]","[""API Key Authentication"",""No KYC Policy"",""High-Availability Infrastructure""]","[""Real-time Node Status Dashboard"",""Latency Monitor""]","[""Europe""]","[""24/7 Support"",""WebSocket Support"",""Advanced debugging capabilities""]",null,,99.9%,NULL,NULL,NULL,NULL,NULL,
speedynodes-enterprise-full-archive,SpeedyNodes,,"[""[Contact](https://dashboard.speedynodes.net/plans)"",""[Docs](https://docs.speedynodes.com/networks/overview/)""]",,Enterprise,Archive,RPC,EVM JSON-RPC,Custom + double RPS cost,,FALSE,TRUE,"[""eth"", ""net"", ""web3"", ""txpool"", ""debug"", ""trace namespaces""]","[""Custom""]","[""API Key Authentication"",""No KYC Policy"",""High-Availability Infrastructure""]","[""Real-time Node Status Dashboard"",""Latency Monitor""]","[""Europe""]","[""24/7 Support"",""WebSocket Support"",""Advanced debugging capabilities""]",null,,99.9%,NULL,NULL,NULL,NULL,NULL,
speedynodes-enterprise-recent-state,SpeedyNodes,,"[""[Contact](https://dashboard.speedynodes.net/plans)"",""[Docs](https://docs.speedynodes.com/networks/overview/)""]",,Enterprise,Pruned,RPC,EVM JSON-RPC,Custom,,FALSE,TRUE,"[""eth"", ""net"", ""web3"", ""txpool"", ""debug"", ""trace namespaces""]","[""Custom""]","[""API Key Authentication"",""No KYC Policy"",""High-Availability Infrastructure""]","[""Real-time Node Status Dashboard"",""Latency Monitor""]","[""Europe""]","[""24/7 Support"",""WebSocket Support"",""Advanced debugging capabilities""]",null,,99.9%,NULL,NULL,NULL,NULL,NULL,
speedynodes-free-full-archive,SpeedyNodes,,"[""[Website](https://www.speedynodes.com/)"",""[Docs](https://docs.speedynodes.com/networks/overview/)""]",,Free,Archive,RPC,EVM JSON-RPC,$0 + double RPS cost,,FALSE,TRUE,"[""eth"", ""net"", ""web3"", ""txpool"", ""debug"", ""trace namespaces""]","[""2 Total RPS"",""2 WebSocket connections"",""Unlimited API credits""]","[""API Key Authentication"",""No KYC Policy"",""High-Availability Infrastructure""]","[""Real-time Node Status Dashboard"",""Latency Monitor""]","[""Europe""]","[""24/7 Support"",""WebSocket Support"",""Advanced debugging capabilities""]",null,,99.9%,NULL,NULL,NULL,NULL,NULL,
speedynodes-free-recent-state,SpeedyNodes,,"[""[Website](https://www.speedynodes.com/)"",""[Docs](https://docs.speedynodes.com/networks/overview/)""]",,Free,Pruned,RPC,EVM JSON-RPC,$0,,FALSE,TRUE,"[""eth"", ""net"", ""web3"", ""txpool"", ""debug"", ""trace namespaces""]","[""2 Total RPS"",""2 WebSocket connections"",""Unlimited API credits""]","[""API Key Authentication"",""No KYC Policy"",""High-Availability Infrastructure""]","[""Real-time Node Status Dashboard"",""Latency Monitor""]","[""Europe""]","[""24/7 Support"",""WebSocket Support"",""Advanced debugging capabilities""]",null,,99.9%,NULL,NULL,NULL,NULL,NULL,
speedynodes-pro-full-archive,SpeedyNodes,,"[""[Buy](https://dashboard.speedynodes.net/plans)"",""[Docs](https://docs.speedynodes.com/networks/overview/)""]",Pro,Tiered,Archive,RPC,EVM JSON-RPC,$249/mo + double RPS cost,,FALSE,TRUE,"[""eth"", ""net"", ""web3"", ""txpool"", ""debug"", ""trace namespaces""]","[""500 Total RPS "",""200 WebSocket connections"",""5 Burst capacity""]","[""API Key Authentication"",""No KYC Policy"",""High-Availability Infrastructure""]","[""Real-time Node Status Dashboard"",""Latency Monitor""]","[""Europe""]","[""24/7 Support"",""WebSocket Support"",""Advanced debugging capabilities""]",null,,99.9%,NULL,NULL,NULL,NULL,NULL,
speedynodes-pro-recent-state,SpeedyNodes,,"[""[Buy](https://dashboard.speedynodes.net/plans)"",""[Docs](https://docs.speedynodes.com/networks/overview/)""]",Pro,Tiered,Pruned,RPC,EVM JSON-RPC,$249/mo,,FALSE,TRUE,"[""eth"", ""net"", ""web3"", ""txpool"", ""debug"", ""trace namespaces""]","[""500 Total RPS "",""200 WebSocket connections"",""5 Burst capacity""]","[""API Key Authentication"",""No KYC Policy"",""High-Availability Infrastructure""]","[""Real-time Node Status Dashboard"",""Latency Monitor""]","[""Europe""]","[""24/7 Support"",""WebSocket Support"",""Advanced debugging capabilities""]",null,,99.9%,NULL,NULL,NULL,NULL,NULL,
speedynodes-scale-full-archive,SpeedyNodes,,"[""[Buy](https://dashboard.speedynodes.net/plans)"",""[Docs](https://docs.speedynodes.com/networks/overview/)""]",Scale,Tiered,Archive,RPC,EVM JSON-RPC,$199/mo + double RPS cost,,FALSE,TRUE,"[""eth"", ""net"", ""web3"", ""txpool"", ""debug"", ""trace namespaces""]","[""350 Total RPS "",""100 WebSocket connections"",""5 Burst capacity""]","[""API Key Authentication"",""No KYC Policy"",""High-Availability Infrastructure""]","[""Real-time Node Status Dashboard"",""Latency Monitor""]","[""Europe""]","[""24/7 Support"",""WebSocket Support"",""Advanced debugging capabilities""]",null,,99.9%,NULL,NULL,NULL,NULL,NULL,
speedynodes-scale-recent-state,SpeedyNodes,,"[""[Buy](https://dashboard.speedynodes.net/plans)"",""[Docs](https://docs.speedynodes.com/networks/overview/)""]",Scale,Tiered,Pruned,RPC,EVM JSON-RPC,$199/mo,,FALSE,TRUE,"[""eth"", ""net"", ""web3"", ""txpool"", ""debug"", ""trace namespaces""]","[""350 Total RPS "",""100 WebSocket connections"",""5 Burst capacity""]","[""API Key Authentication"",""No KYC Policy"",""High-Availability Infrastructure""]","[""Real-time Node Status Dashboard"",""Latency Monitor""]","[""Europe""]","[""24/7 Support"",""WebSocket Support"",""Advanced debugging capabilities""]",null,,99.9%,NULL,NULL,NULL,NULL,NULL,
speedynodes-starter-full-archive,SpeedyNodes,,"[""[Buy](https://dashboard.speedynodes.net/plans)"",""[Docs](https://docs.speedynodes.com/networks/overview/)""]",Starter,Tiered,Archive,RPC,EVM JSON-RPC,$49/mo + double RPS cost,,FALSE,TRUE,"[""eth"", ""net"", ""web3"", ""txpool"", ""debug"", ""trace namespaces""]","[""60 Total RPS "",""20 WebSocket connections"",""5 Burst capacity""]","[""API Key Authentication"",""No KYC Policy"",""High-Availability Infrastructure""]","[""Real-time Node Status Dashboard"",""Latency Monitor""]","[""Europe""]","[""24/7 Support"",""WebSocket Support"",""Advanced debugging capabilities""]",null,,99.9%,NULL,NULL,NULL,NULL,NULL,
speedynodes-starter-recent-state,SpeedyNodes,,"[""[Buy](https://dashboard.speedynodes.net/plans)"",""[Docs](https://docs.speedynodes.com/networks/overview/)""]",Starter,Tiered,Pruned,RPC,EVM JSON-RPC,$49/mo,,FALSE,TRUE,"[""eth"", ""net"", ""web3"", ""txpool"", ""debug"", ""trace namespaces""]","[""60 Total RPS "",""20 WebSocket connections"",""5 Burst capacity""]","[""API Key Authentication"",""No KYC Policy"",""High-Availability Infrastructure""]","[""Real-time Node Status Dashboard"",""Latency Monitor""]","[""Europe""]","[""24/7 Support"",""WebSocket Support"",""Advanced debugging capabilities""]",null,,99.9%,NULL,NULL,NULL,NULL,NULL,
sqd-free-indexer,SQD Cloud,,"[""[Docs](https://docs.sqd.dev/en/cloud/overview)"",""[Pricing](https://docs.sqd.dev/en/cloud/pricing/overview)""]",,Free,Archive,Indexed Data,Decentralized Data Lakes,$0,$0,FALSE,FALSE,"[""GraphQL"",""SQL""]","[""1 squid""]","[""Decentralized storage"",""IP Protection""]","[""Data lake logs"",""Usage analytics""]","[""Global""]","[""ETL query stack"",""Decentralized indexing"",""Discord support""]",null,,,NULL,,NULL,,NULL,
sqd-pay-as-you-go-indexer,SQD Cloud,,"[""[Docs](https://docs.sqd.dev/en/cloud/overview)"",""[Pricing](https://docs.sqd.dev/en/cloud/pricing/overview)""]",,Pay-as-you-go,Archive,Indexed Data,Decentralized Data Lakes,$86+ (depending on squid needs may go up to $1.5K and higher),$0,FALSE,FALSE,"[""GraphQL"",""SQL""]",,"[""Decentralized storage"",""IP Protection""]","[""Data lake logs"",""Usage analytics""]","[""Global""]","[""ETL query stack"",""Decentralized indexing"",""Hard SLA with compensations""]",null,,,NULL,,NULL,,NULL,
stakely-advanced-recent-state,Stakely,,"[""[Buy](https://app.stakely.io/naas)"",""[Website](https://stakely.io/rpc-node-provider)""]",Advanced,Tiered,Pruned,RPC,Custom,,,FALSE,FALSE,,"[""500 req/min""]","[""ISO 27001"",""SOC 2 Type II""]","[""Proactive monitoring""]","[""Central Europe""]","[""Fully managed"",""Self-serve dashboard"",""24/7 technical support""]",,,99.95%,,,,,,
stakely-basic-recent-state,Stakely,,"[""[Buy](https://app.stakely.io/naas)"",""[Website](https://stakely.io/rpc-node-provider)""]",Basic,Tiered,Pruned,RPC,Custom,,,FALSE,FALSE,,"[""100 req/min""]","[""ISO 27001"",""SOC 2 Type II""]","[""Proactive monitoring""]","[""Central Europe""]","[""Fully managed"",""Self-serve dashboard"",""24/7 technical support""]",,,99.95%,,,,,,
stakely-dedicated-full-archive,Stakely,,"[""[Buy](https://app.stakely.io/naas)"",""[Website](https://stakely.io/rpc-node-provider)""]",Archive,Dedicated,Archive,RPC,Custom,,,FALSE,FALSE,,,"[""ISO 27001"",""SOC 2 Type II""]","[""Proactive monitoring""]",,"[""Fully managed"",""Self-serve dashboard"",""24/7 technical support""]",,,99.95%,,,,,,
stakely-dedicated-recent-state,Stakely,,"[""[Buy](https://app.stakely.io/naas)"",""[Website](https://stakely.io/rpc-node-provider)""]",,Dedicated,Pruned,RPC,Custom,,,FALSE,FALSE,,"[""No rate limits""]","[""ISO 27001"",""SOC 2 Type II""]","[""Proactive monitoring""]","[""Central Europe""]","[""Fully managed"",""Self-serve dashboard"",""24/7 technical support""]",,,99.95%,,,,,,
stakely-pro-recent-state,Stakely,,"[""[Buy](https://app.stakely.io/naas)"",""[Website](https://stakely.io/rpc-node-provider)""]",Pro,Tiered,Pruned,RPC,Custom,,,FALSE,FALSE,,"[""250 req/min""]","[""ISO 27001"",""SOC 2 Type II""]","[""Proactive monitoring""]","[""Central Europe""]","[""Fully managed"",""Self-serve dashboard"",""24/7 technical support""]",,,99.95%,,,,,,
subquery-pay-as-you-go-full-archive,Subquery,,"[""[Website](https://app.subquery.network/explorer/home?category=rpc)"",""[Docs](https://subquery.network/doc/subquery_network/introduction/introduction.html)""]",,Pay-as-you-go,Archive,RPC,EVM JSON-RPC,,1.5K/3K SQT/1M reqs,FALSE,FALSE,"[""Decentralized RPC endpoints"",""Multi-chain support""]","[""Price may vary depending on the value of the token""]","[""Decentralized storage"",""IP Protection""]","[""Data lake logs"",""Usage analytics""]","[""Global""]",,,,,NULL,NULL,NULL,NULL,NULL,
subquery-pay-as-you-go-indexer,Subquery,,"[""[Docs](https://subquery.network/doc/index.html)""]",,Pay-as-you-go,Archive,Indexed Data,Custom,,15K SQT/1M  reqs,FALSE,FALSE,"[""GraphQL"",""SQL""]","[""Price may vary depending on the value of the token""]","[""Decentralized storage"",""IP Protection""]","[""Data lake logs"",""Usage analytics""]","[""Global""]","[""ETL query stack"",""Decentralized indexing"",""Hard SLA with compensations""]",null,,,NULL,,NULL,,NULL,
subquery-public-full-archive,Subquery,,"[""[Website](https://app.subquery.network/explorer/home?category=rpc)"",""[Docs](https://subquery.network/doc/subquery_network/introduction/introduction.html)""]",,Public,Archive,RPC,EVM JSON-RPC,$0,$0,FALSE,FALSE,"[""Decentralized RPC endpoints"",""Multi-chain support""]","[""Rate limits apply""]","[""Decentralized storage"",""IP Protection""]","[""Data lake logs"",""Usage analytics""]","[""Global""]",,,,,NULL,NULL,NULL,NULL,NULL,
tatum-business-full-archive,Tatum,,"[""[Contact](https://www.tatum.io?via=chainlove)"",""[Docs](https://docs.tatum.io/)""]",Business,Enterprise,Archive,RPC,EVM JSON-RPC,Custom,Custom,FALSE,FALSE,"[""Wallet and address management"",""Transaction broadcasting"",""Query of blockchain state"",""Asset management""]","[""Unlimited API Calls"",""Custom Rate Limits"",""30-day notification history""]","[""Key Management System (KMS)"",""Local Transaction Signing"",""Four-Eye Principle"",""Periodic Transaction Fetching and Signing Automation""]","[""Simplified RPC calls"",""Debugging Tools"",""Tracking activities"",""Advanced analytics""]","[""Global""]",,,,99.99%,NULL,NULL,NULL,NULL,NULL,
tatum-business-recent-state,Tatum,,"[""[Contact](https://www.tatum.io?via=chainlove)"",""[Docs](https://docs.tatum.io/)""]",Business,Enterprise,Pruned,RPC,EVM JSON-RPC,Custom,Custom,FALSE,FALSE,"[""Wallet and address management"",""Transaction broadcasting"",""Query of blockchain state"",""Asset management""]","[""Unlimited API Calls"",""Custom Rate Limits"",""30-day notification history""]","[""Key Management System (KMS)"",""Local Transaction Signing"",""Four-Eye Principle"",""Periodic Transaction Fetching and Signing Automation""]","[""Simplified RPC calls"",""Debugging Tools"",""Tracking activities"",""Advanced analytics""]","[""Global""]",,,,99.99%,NULL,NULL,NULL,NULL,NULL,
tatum-free-recent-state,Tatum,,"[""[Website](https://www.tatum.io?via=chainlove)"",""[Docs](https://docs.tatum.io/)""]",,Free,Pruned,RPC,EVM JSON-RPC,$0,$0,FALSE,FALSE,"[""Wallet and address management"",""Transaction broadcasting"",""Query of blockchain state"",""Asset management""]","[""2 API Keys"",""100K lifetime credits"",""3 RPS"",""1-day notification history"",""5 subscriptions""]","[""Key Management System (KMS)"",""Local Transaction Signing"",""Four-Eye Principle"",""Periodic Transaction Fetching and Signing Automation""]","[""Simplified RPC calls"",""Debugging Tools"",""Tracking activities""]","[""Global""]",,,,99.99%,NULL,NULL,NULL,NULL,NULL,
tatum-pro-full-archive,Tatum,,"[""[Buy](https://www.tatum.io?via=chainlove)"",""[Docs](https://docs.tatum.io/)""]",Pro,Tiered,Archive,RPC,EVM JSON-RPC,$99/$139/$179/mo,,FALSE,FALSE,"[""Wallet and address management"",""Transaction broadcasting"",""Query of blockchain state"",""Asset management""]","[""10M/15M/20M credits/mo"",""200 RPS"",""7-day notification history"",""200K subscriptions""]","[""Key Management System (KMS)"",""Local Transaction Signing"",""Four-Eye Principle"",""Periodic Transaction Fetching and Signing Automation""]","[""Simplified RPC calls"",""Debugging Tools"",""Tracking activities"",""Advanced analytics""]","[""Global""]",,,,99.99%,NULL,NULL,NULL,NULL,NULL,
tatum-pro-recent-state,Tatum,,"[""[Buy](https://www.tatum.io?via=chainlove)"",""[Docs](https://docs.tatum.io/)""]",Pro,Tiered,Pruned,RPC,EVM JSON-RPC,$99/$139/$179/mo,,FALSE,FALSE,"[""Wallet and address management"",""Transaction broadcasting"",""Query of blockchain state"",""Asset management""]","[""10M/15M/20M credits/mo"",""200 RPS"",""7-day notification history"",""200K subscriptions""]","[""Key Management System (KMS)"",""Local Transaction Signing"",""Four-Eye Principle"",""Periodic Transaction Fetching and Signing Automation""]","[""Simplified RPC calls"",""Debugging Tools"",""Tracking activities"",""Advanced analytics""]","[""Global""]",,,,99.99%,NULL,NULL,NULL,NULL,NULL,
tatum-scale-full-archive,Tatum,,"[""[Buy](https://www.tatum.io?via=chainlove)"",""[Docs](https://docs.tatum.io/)""]",Scale,Tiered,Archive,RPC,EVM JSON-RPC,$349/$649/mo,,FALSE,FALSE,"[""Wallet and address management"",""Transaction broadcasting"",""Query of blockchain state"",""Asset management""]","[""40M/80M credits/mo"",""200 RPS"",""7-day notification history"",""200K subscriptions""]",,,"[""Global""]",,,,99.99%,NULL,NULL,NULL,NULL,NULL,
tatum-scale-recent-state,Tatum,,"[""[Buy](https://www.tatum.io?via=chainlove)"",""[Docs](https://docs.tatum.io/)""]",Scale,Tiered,Pruned,RPC,EVM JSON-RPC,$349/$649/mo,,FALSE,FALSE,"[""Wallet and address management"",""Transaction broadcasting"",""Query of blockchain state"",""Asset management""]","[""40M/80M credits/mo"",""200 RPS"",""7-day notification history"",""200K subscriptions""]",,,"[""Global""]",,,,99.99%,NULL,NULL,NULL,NULL,NULL,
tatum-starter-full-archive,Tatum,,"[""[Buy](https://www.tatum.io?via=chainlove)"",""[Docs](https://docs.tatum.io/)""]",Starter,Tiered,Archive,RPC,EVM JSON-RPC,$49/$79/mo,,FALSE,FALSE,"[""Wallet and address management"",""Transaction broadcasting"",""Query of blockchain state"",""Asset management""]","[""4M/7M credits/mo"",""200 RPS"",""7-day notification history"",""200K subscriptions""]",,,"[""Global""]",,,,99.99%,NULL,NULL,NULL,NULL,NULL,
tatum-starter-recent-state,Tatum,,"[""[Buy](https://www.tatum.io?via=chainlove)"",""[Docs](https://docs.tatum.io/)""]",Starter,Tiered,Pruned,RPC,EVM JSON-RPC,$49/$79/mo,,FALSE,FALSE,"[""Wallet and address management"",""Transaction broadcasting"",""Query of blockchain state"",""Asset management""]","[""4M/7M credits/mo"",""200 RPS"",""7-day notification history"",""200K subscriptions""]",,,"[""Global""]",,,,99.99%,NULL,NULL,NULL,NULL,NULL,
tenderly-dedicated-recent-state,Tenderly,,"[""[Website](https://tenderly.co/)"",""[Docs](https://docs.tenderly.co/)""]",,Dedicated,Pruned,RPC,EVM JSON-RPC,Custom,Custom,FALSE,TRUE,"[""eth"",""web3"",""net""]","[""Custom limits""]","[""Privacy Protected Relays"",""Transaction Sanitizers"",""DDoS Protection"",""IP Protection""]","[""Usage analytics"",""Custom monitoring""]","[""Global""]",,,,99.99%,NULL,NULL,NULL,NULL,NULL,
tenderly-enterprise-recent-state,Tenderly,,"[""[Contact](https://tenderly.co/pricing)"",""[Docs](https://docs.tenderly.co/)""]",,Enterprise,Pruned,RPC,EVM JSON-RPC,Custom,Custom,FALSE,TRUE,"[""eth"",""web3"",""net""]","[""Custom limits""]","[""Privacy Protected Relays"",""Transaction Sanitizers"",""DDoS Protection"",""IP Protection""]","[""Usage analytics"",""Custom monitoring""]","[""Global""]",,,,99.99%,NULL,NULL,NULL,NULL,NULL,
tenderly-free-recent-state,Tenderly,,"[""[Website](https://tenderly.co/)"",""[Docs](https://docs.tenderly.co/)""]",,Free,Pruned,RPC,EVM JSON-RPC,$0,$0,FALSE,TRUE,"[""eth"",""web3"",""net""]","[""25M TU/mo with rate limit 10 TU/s""]","[""Privacy Protected Relays"",""Transaction Sanitizers"",""DDoS Protection"",""IP Protection""]","[""Usage analytics""]","[""Global""]",,,,99.99%,NULL,NULL,NULL,NULL,NULL,
tenderly-pay-as-you-go-recent-state,Tenderly,,"[""[Buy](https://dashboard.tenderly.co/account/billing/select-plan)"",""[Docs](https://docs.tenderly.co/)""]",,Pay-as-you-go,Pruned,RPC,EVM JSON-RPC,"$45/$450/mo (monthly plan), $50/$500 (yearly plan)",$10/1M TU,FALSE,TRUE,"[""eth"",""web3"",""net""]","[""35M/350M TU/mo with rate limit 20/300 TU/s""]","[""Privacy Protected Relays"",""Transaction Sanitizers"",""DDoS Protection"",""IP Protection""]","[""Usage analytics"",""Custom monitoring""]","[""Global""]",,,,99.99%,NULL,NULL,NULL,NULL,NULL,
thegraph-enterprise-indexer,The Graph,,"[""[Docs](https://thegraph.com/docs/en/indexing/overview/)""]",,Enterprise,Archive,Indexed Data,The Graph,Custom,Custom pricing & SLAs,FALSE,FALSE,"[""GraphQL""]",,"[""Decentralized infra""]","[""Subgraph logs"",""Usage analytics""]","[""Global""]","[""Enterprise priority support"",""Customized SLAs"",""Substreams""]",null,,,NULL,,NULL,,NULL,
thegraph-free-indexer,The Graph,,"[""[Docs](https://thegraph.com/docs/en/indexing/overview/)""]",,Free,Archive,Indexed Data,The Graph,$0,$0,FALSE,FALSE,"[""GraphQL""]","[""100K queries/mo""]","[""Decentralized infra""]","[""Subgraph logs"",""Usage analytics""]","[""Global""]","[""Hosted indexing"",""real-time data updates"",""Substreams""]",null,,,NULL,,NULL,,NULL,
thegraph-pay-as-you-go-indexer,The Graph,,"[""[Docs](https://thegraph.com/docs/en/indexing/overview/)""]",,Pay-as-you-go,Archive,Indexed Data,The Graph,$0,$20/1M queries over free plan,FALSE,FALSE,"[""GraphQL""]",,"[""Decentralized infra""]","[""Subgraph logs"",""Usage analytics""]","[""Global""]","[""Hosted indexing"",""real-time data updates"",""Substreams""]",null,,,NULL,,NULL,,NULL,
thirdweb-dedicated-recent-state,Thirdweb,,"[""[Website](https://thirdweb.com/pricing)"",""[Docs](https://portal.thirdweb.com/)""]",,Dedicated,Pruned,RPC,EVM JSON-RPC,$499 + Node price,$8/1M requests (volume discounts applies),FALSE,FALSE,"[""eth"",""web3"",""net""]","[""1K reqs/s""]","[""DDoS Protection"",""IP Protection"",""Dedicated infrastructure""]","[""Usage analytics"",""Custom dashboards""]","[""Global""]","[""Custom API Schemas"",""No ABI Required"",""Email support"",""Slack support"",""Telegram support"",""Account Executive""]",,,,NULL,NULL,NULL,NULL,NULL,
thirdweb-growth-indexer,Thirdweb,,"[""[Buy](https://thirdweb.com/pricing)"",""[Docs](https://portal.thirdweb.com/)""]",Growth,Tiered,Archive,Indexed Data,Custom,$99,$8(1M-250M)/$6.8(250M-1B)/$5.4(1B+)/1M queries,FALSE,FALSE,"[""REST"",""GraphQL""]","[""250 reqs/s""]","[""DDoS Protection"",""IP Protection""]","[""Usage analytics""]","[""Global""]","[""Custom API Schemas"",""No ABI Required"",""Email support"",""Slack support"",""Telegram support""]",,,,NULL,NULL,NULL,NULL,NULL,
thirdweb-growth-recent-state,Thirdweb,,"[""[Buy](https://thirdweb.com/pricing)"",""[Docs](https://portal.thirdweb.com/)""]",Growth,Tiered,Pruned,RPC,EVM JSON-RPC,$99/mo,$8(1M-250M)/$6.8(250M-1B)/$5.4(1B+)/1M requests (volume discounts applies),FALSE,FALSE,"[""eth"",""web3"",""net""]","[""250 reqs/s""]","[""DDoS Protection"",""IP Protection""]","[""Usage analytics"",""Custom monitoring""]","[""Global""]","[""Custom API Schemas"",""No ABI Required"",""Email support"",""Slack support"",""Telegram support""]",,,,NULL,NULL,NULL,NULL,NULL,
thirdweb-pro-indexer,Thirdweb,,"[""[Contact](https://thirdweb.com/pricing)"",""[Docs](https://portal.thirdweb.com/)""]",Pro,Enterprise,Archive,Indexed Data,Custom,up to $1499,$5.4/1M queries,FALSE,FALSE,"[""REST"",""GraphQL""]","[""30RPS/1.5K RPM""]","[""DDoS Protection"",""IP Protection"",""Dedicated infrastructure""]","[""Usage analytics"",""Custom dashboards""]","[""Global""]","[""Custom API Schemas"",""No ABI Required"",""Email support"",""Slack support"",""Telegram support"",""Account Executive""]",,,,NULL,NULL,NULL,NULL,NULL,
thirdweb-pro-recent-state,Thirdweb,,"[""[Contact](https://thirdweb.com/pricing)"",""[Docs](https://portal.thirdweb.com/)""]",Pro,Enterprise,Pruned,RPC,EVM JSON-RPC,up to $1499,$8/1M requests (volume discounts applies),FALSE,FALSE,"[""eth"",""web3"",""net""]","[""30RPS/1.5K RPM""]","[""DDoS Protection"",""IP Protection"",""Dedicated infrastructure""]","[""Usage analytics"",""Custom dashboards""]","[""Global""]","[""Custom API Schemas"",""No ABI Required"",""Email support"",""Slack support"",""Telegram support"",""Account Executive""]",,,,NULL,NULL,NULL,NULL,NULL,
thirdweb-scale-indexer,Thirdweb,,"[""[Buy](https://thirdweb.com/pricing)"",""[Docs](https://portal.thirdweb.com/)""]",Scale,Tiered,Archive,Indexed Data,Custom,$499,$8(1M-250M)/$6.8(250M-1B)/$5.4(1B+)/1M queries,FALSE,FALSE,"[""REST"",""GraphQL""]","[""1K reqs/s""]","[""DDoS Protection"",""IP Protection""]","[""Usage analytics""]","[""Global""]","[""Custom API Schemas"",""No ABI Required"",""Email support"",""Slack support"",""Telegram support""]",,,,NULL,NULL,NULL,NULL,NULL,
thirdweb-scale-recent-state,Thirdweb,,"[""[Buy](https://thirdweb.com/pricing)"",""[Docs](https://portal.thirdweb.com/)""]",Scale,Tiered,Pruned,RPC,EVM JSON-RPC,$499/mo,$8(1M-250M)/$6.8(250M-1B)/$5.4(1B+)/1M requests (volume discounts applies),FALSE,FALSE,"[""eth"",""web3"",""net""]","[""1K reqs/s""]","[""DDoS Protection"",""IP Protection""]","[""Usage analytics"",""Custom monitoring""]","[""Global""]","[""Custom API Schemas"",""No ABI Required"",""Email support"",""Slack support"",""Telegram support""]",,,,NULL,NULL,NULL,NULL,NULL,
thirdweb-starter-indexer,Thirdweb,,"[""[Buy](https://thirdweb.com/pricing)"",""[Docs](https://portal.thirdweb.com/)""]",Starter,Tiered,Archive,Indexed Data,Custom,$5,$8(1M-250M)/$6.8(250M-1B)/$5.4(1B+)/1M queries,FALSE,FALSE,"[""REST"",""GraphQL""]","[""100 reqs/s""]","[""DDoS Protection"",""IP Protection""]","[""Usage analytics""]","[""Global""]","[""Custom API Schemas"",""No ABI Required"",""Email support"",""Slack support"",""Telegram support""]",,,,NULL,NULL,NULL,NULL,NULL,
thirdweb-starter-recent-state,Thirdweb,,"[""[Buy](https://thirdweb.com/pricing)"",""[Docs](https://portal.thirdweb.com/)""]",Starter,Tiered,Pruned,RPC,EVM JSON-RPC,$5/mo,$8(1M-250M)/$6.8(250M-1B)/$5.4(1B+)/1M requests (volume discounts applies),FALSE,FALSE,"[""eth"",""web3"",""net""]","[""100 reqs/s""]","[""DDoS Protection"",""IP Protection""]","[""Usage analytics"",""Custom monitoring""]","[""Global""]",,,,,NULL,NULL,NULL,NULL,NULL,
uniblock-business-custom,Uniblock,,"[""[Buy](https://uniblock.dev/pricing)"",""[Docs](https://docs.uniblock.dev/guides/getting-started/starting-out)""]",Business,Tiered,Archive,RPC,EVM JSON-RPC,$549,$1/4M CUs,FALSE,FALSE,"[""Market Data API"",""Token AP"",""NFT API"",""Transaction API"",""Scan API"",""Webhook API""]",,"[""5.5B CUs/mo"",""20K CU/s Throughput"",""Unlimited Apps""]","[""Dashboards Analytics""]","[""Global""]","[""Email & Discord""]",null,,99.99%,NULL,,NULL,,NULL,
uniblock-dedicated-custom,Uniblock,,"[""[Contact](https://uniblock.dev/pricing)"",""[Docs](https://docs.uniblock.dev/guides/getting-started/starting-out)""]",,Dedicated,Archive,RPC,EVM JSON-RPC,Custom,Custom,FALSE,FALSE,"[""Market Data API"",""Token AP"",""NFT API"",""Transaction API"",""Scan API"",""Webhook API""]",,"[""Custom""]","[""Dashboards Analytics""]","[""Global""]","[""Email & Discord""]",null,,99.99%,NULL,,NULL,,NULL,
uniblock-enterprise-custom,Uniblock,,"[""[Contact](https://uniblock.dev/pricing)"",""[Docs](https://docs.uniblock.dev/guides/getting-started/starting-out)""]",,Enterprise,Archive,RPC,EVM JSON-RPC,Custom,Custom,FALSE,FALSE,"[""Market Data API"",""Token AP"",""NFT API"",""Transaction API"",""Scan API"",""Webhook API""]",,"[""Custom""]","[""Dashboards Analytics""]","[""Global""]","[""Email & Discord""]",null,,99.99%,NULL,,NULL,,NULL,
uniblock-growth-custom,Uniblock,,"[""[Buy](https://uniblock.dev/pricing)"",""[Docs](https://docs.uniblock.dev/guides/getting-started/starting-out)""]",Growth,Tiered,Archive,RPC,EVM JSON-RPC,$49,$1/4M CUs,FALSE,FALSE,"[""Market Data API"",""Token AP"",""NFT API"",""Transaction API"",""Scan API"",""Webhook API""]",,"[""500M CUs/mo"",""2K CU/s Throughput"",""5 Apps""]","[""Dashboards Analytics""]","[""Global""]","[""Email & Discord""]",null,,99.99%,NULL,,NULL,,NULL,
uniblock-pro-custom,Uniblock,,"[""[Buy](https://uniblock.dev/pricing)"",""[Docs](https://docs.uniblock.dev/guides/getting-started/starting-out)""]",Pro,Tiered,Archive,RPC,EVM JSON-RPC,$199,$1/4M CUs,FALSE,FALSE,"[""Market Data API"",""Token AP"",""NFT API"",""Transaction API"",""Scan API"",""Webhook API""]",,"[""2B CUs/mo"",""8K CU/s Throughput"",""20 Apps""]","[""Dashboards Analytics""]","[""Global""]","[""Email & Discord""]",null,,99.99%,NULL,,NULL,,NULL,
uniblock-startup-custom,Uniblock,,"[""[Website](https://uniblock.dev)"",""[Docs](https://docs.uniblock.dev/guides/getting-started/starting-out)""]",Startup,Tiered,Archive,RPC,EVM JSON-RPC,$0,$0,FALSE,FALSE,"[""Market Data API"",""Token AP"",""NFT API"",""Transaction API"",""Scan API"",""Webhook API""]",,"[""40M CUs/mo"",""1K CU/s Throughput"",""2 Apps""]","[""Dashboards Analytics""]","[""Global""]","[""Email & Discord""]",null,,99.99%,NULL,,NULL,,NULL,
validation-cloud-free-full-archive,Validation Cloud,,"[""[Website](https://www.validationcloud.io)"",""[Docs](https://www.validationcloud.io/docs)""]",,Free,Archive,RPC,EVM JSON-RPC,$0,$0,FALSE,FALSE,"[""Node API"",""Staking"",""Mavrik: Data and AI"",""Faucets""]",,"[""Multi-approver Workflows"",""Hardware Security Modules (HSMs)"",""Secure Enterprise Hardware Enclaves for Isolating Private Keys""]","[""Dashboards for Tracking"",""Real-time Monitoring"",""Granular Risk Parameters""]","[""North America"",""Europe"",""Asia""]",,,,99.99%,NULL,,NULL,,NULL,
validation-cloud-free-recent-state,Validation Cloud,,"[""[Website](https://www.validationcloud.io)"",""[Docs](https://www.validationcloud.io/docs)""]",,Free,Pruned,RPC,EVM JSON-RPC,$0,$0,FALSE,FALSE,"[""Node API"",""Staking"",""Mavrik: Data and AI"",""Faucets""]",,"[""Multi-approver Workflows"",""Hardware Security Modules (HSMs)"",""Secure Enterprise Hardware Enclaves for Isolating Private Keys""]","[""Dashboards for Tracking"",""Real-time Monitoring"",""Granular Risk Parameters""]","[""North America"",""Europe"",""Asia""]",,,,99.9%,NULL,,NULL,,NULL,
validation-cloud-private-full-archive,Validation Cloud,,"[""[Website](https://www.validationcloud.io)"",""[Docs](https://www.validationcloud.io/docs)""]",Private,Enterprise,Archive,RPC,EVM JSON-RPC,Custom,Custom,FALSE,FALSE,"[""Node API"",""Staking"",""Mavrik: Data and AI"",""Faucets""]",,"[""Multi-approver Workflows"",""Hardware Security Modules (HSMs)"",""Secure Enterprise Hardware Enclaves for Isolating Private Keys""]","[""Dashboards for Tracking"",""Real-time Monitoring"",""Granular Risk Parameters""]","[""North America"",""Europe"",""Asia""]",,,,99.99%,NULL,,NULL,,NULL,
validation-cloud-private-recent-state,Validation Cloud,,"[""[Website](https://www.validationcloud.io)"",""[Docs](https://www.validationcloud.io/docs)""]",Private,Enterprise,Pruned,RPC,EVM JSON-RPC,Custom,Custom,FALSE,FALSE,"[""Node API"",""Staking"",""Mavrik: Data and AI"",""Faucets""]",,"[""Multi-approver Workflows"",""Hardware Security Modules (HSMs)"",""Secure Enterprise Hardware Enclaves for Isolating Private Keys""]","[""Dashboards for Tracking"",""Real-time Monitoring"",""Granular Risk Parameters""]","[""North America"",""Europe"",""Asia""]",,,,99.99%,NULL,,NULL,,NULL,
validation-cloud-scale-full-archive,Validation Cloud,,"[""[Website](https://www.validationcloud.io)"",""[Docs](https://www.validationcloud.io/docs)""]",Scale,Pay-as-you-go,Archive,RPC,EVM JSON-RPC,,"$0.5/1M CUs for over 50M CUs, $0.45/1M CUs for over 150M CUs, $0.4/1M CUs for over 500M CUs, $0.35/1M CUs for over 1B CUs",FALSE,FALSE,"[""Node API"",""Staking"",""Mavrik: Data and AI"",""Faucets""]",,"[""Multi-approver Workflows"",""Hardware Security Modules (HSMs)"",""Secure Enterprise Hardware Enclaves for Isolating Private Keys""]","[""Dashboards for Tracking"",""Real-time Monitoring"",""Granular Risk Parameters""]","[""North America"",""Europe"",""Asia""]",,,,99.99%,NULL,,NULL,,NULL,
validation-cloud-scale-recent-state,Validation Cloud,,"[""[Website](https://www.validationcloud.io)"",""[Docs](https://www.validationcloud.io/docs)""]",Scale,Pay-as-you-go,Pruned,RPC,EVM JSON-RPC,,"$0.5/1M CUs for over 50M CUs, $0.45/1M CUs for over 150M CUs, $0.4/1M CUs for over 500M CUs, $0.35/1M CUs for over 1B CUs",FALSE,FALSE,"[""Node API"",""Staking"",""Mavrik: Data and AI"",""Faucets""]",,"[""Multi-approver Workflows"",""Hardware Security Modules (HSMs)"",""Secure Enterprise Hardware Enclaves for Isolating Private Keys""]","[""Dashboards for Tracking"",""Real-time Monitoring"",""Granular Risk Parameters""]","[""North America"",""Europe"",""Asia""]",,,,99.99%,NULL,,NULL,,NULL,
watchdata-business-full-archive,WatchData,,"[""[Website](https://watchdata.io/)"",""[Docs](https://docs.watchdata.io/resources/pricing-and-limits)""]",Business,Tiered,Archive,RPC,EVM JSON-RPC,$99/mo,,FALSE,FALSE,"[""Powered API"",""Crypto Price API"",""Bitcoin API"",""Ethereum API"",""Tron API"",""Polygon API"",""Binance Smart Chain API""]","[""450M Watch units/mo"",""600 Watch units/s"",""15 API Keys""]",,"[""Dashboard""]","[""Global""]","[""Email support""]",null,,,NULL,NULL,NULL,NULL,NULL,
watchdata-business-recent-state,WatchData,,"[""[Website](https://watchdata.io/)"",""[Docs](https://docs.watchdata.io/resources/pricing-and-limits)""]",Business,Tiered,Pruned,RPC,EVM JSON-RPC,$99/mo,,FALSE,FALSE,"[""Powered API"",""Crypto Price API"",""Bitcoin API"",""Ethereum API"",""Tron API"",""Polygon API"",""Binance Smart Chain API""]","[""450M Watch units/mo"",""600 Watch units/s"",""15 API Keys""]",,"[""Dashboard""]","[""Global""]","[""Email support""]",null,,,NULL,NULL,NULL,NULL,NULL,
watchdata-custom-full-archive,WatchData,,"[""[Website](https://watchdata.io/)"",""[Docs](https://docs.watchdata.io/resources/pricing-and-limits)""]",Custom,Enterprise,Archive,RPC,EVM JSON-RPC,Custom,Custom,FALSE,FALSE,"[""Powered API"",""Crypto Price API"",""Bitcoin API"",""Ethereum API"",""Tron API"",""Polygon API"",""Binance Smart Chain API""]","[""Custom""]",,"[""Dashboard""]","[""Global""]","[""Dedicated""]",null,,,NULL,NULL,NULL,NULL,NULL,
watchdata-custom-recent-state,WatchData,,"[""[Website](https://watchdata.io/)"",""[Docs](https://docs.watchdata.io/resources/pricing-and-limits)""]",Custom,Enterprise,Pruned,RPC,EVM JSON-RPC,Custom,Custom,FALSE,FALSE,"[""Powered API"",""Crypto Price API"",""Bitcoin API"",""Ethereum API"",""Tron API"",""Polygon API"",""Binance Smart Chain API""]","[""Custom""]",,"[""Dashboard""]","[""Global""]","[""Dedicated""]",null,,,NULL,NULL,NULL,NULL,NULL,
watchdata-free-full-archive,WatchData,,"[""[Website](https://watchdata.io/)"",""[Docs](https://docs.watchdata.io/resources/pricing-and-limits)""]",,Free,Archive,RPC,EVM JSON-RPC,$0,$0,FALSE,FALSE,"[""Powered API"",""Crypto Price API"",""Bitcoin API"",""Ethereum API"",""Tron API"",""Polygon API"",""Binance Smart Chain API""]","[""100M Watch units/mo"",""200 Watch units/s"",""5 API Keys""]",,"[""Dashboard""]","[""Global""]",,null,,,NULL,NULL,NULL,NULL,NULL,
watchdata-free-recent-state,WatchData,,"[""[Website](https://watchdata.io/)"",""[Docs](https://docs.watchdata.io/resources/pricing-and-limits)""]",,Free,Pruned,RPC,EVM JSON-RPC,$0,$0,FALSE,FALSE,"[""Powered API"",""Crypto Price API"",""Bitcoin API"",""Ethereum API"",""Tron API"",""Polygon API"",""Binance Smart Chain API""]","[""100M Watch units/mo"",""200 Watch units/s"",""5 API Keys""]",,"[""Dashboard""]","[""Global""]",,null,,,NULL,NULL,NULL,NULL,NULL,
watchdata-production-full-archive,WatchData,,"[""[Website](https://watchdata.io/)"",""[Docs](https://docs.watchdata.io/resources/pricing-and-limits)""]",Production,Tiered,Archive,RPC,EVM JSON-RPC,$299/mo,,FALSE,FALSE,"[""Powered API"",""Crypto Price API"",""Bitcoin API"",""Ethereum API"",""Tron API"",""Polygon API"",""Binance Smart Chain API""]","[""600M Watch units/mo"",""600 Watch units/s"",""20 API Keys""]",,"[""Dashboard""]","[""Global""]","[""24/7 Email support""]",null,,,NULL,NULL,NULL,NULL,NULL,
watchdata-production-recent-state,WatchData,,"[""[Website](https://watchdata.io/)"",""[Docs](https://docs.watchdata.io/resources/pricing-and-limits)""]",Production,Tiered,Pruned,RPC,EVM JSON-RPC,$299/mo,,FALSE,FALSE,"[""Powered API"",""Crypto Price API"",""Bitcoin API"",""Ethereum API"",""Tron API"",""Polygon API"",""Binance Smart Chain API""]","[""600M Watch units/mo"",""600 Watch units/s"",""20 API Keys""]",,"[""Dashboard""]","[""Global""]","[""24/7 Email support""]",null,,,NULL,NULL,NULL,NULL,NULL,
watchdata-startup-full-archive,WatchData,,"[""[Website](https://watchdata.io/)"",""[Docs](https://docs.watchdata.io/resources/pricing-and-limits)""]",Startup,Tiered,Archive,RPC,EVM JSON-RPC,$49/mo,,FALSE,FALSE,"[""Powered API"",""Crypto Price API"",""Bitcoin API"",""Ethereum API"",""Tron API"",""Polygon API"",""Binance Smart Chain API""]","[""200M Watch units/mo"",""400 Watch units/s"",""10 API Keys""]",,"[""Dashboard""]","[""Global""]","[""Discord support""]",null,,,NULL,NULL,NULL,NULL,NULL,
watchdata-startup-recent-state,WatchData,,"[""[Website](https://watchdata.io/)"",""[Docs](https://docs.watchdata.io/resources/pricing-and-limits)""]",Startup,Tiered,Pruned,RPC,EVM JSON-RPC,$49/mo,,FALSE,FALSE,"[""Powered API"",""Crypto Price API"",""Bitcoin API"",""Ethereum API"",""Tron API"",""Polygon API"",""Binance Smart Chain API""]","[""200M Watch units/mo"",""400 Watch units/s"",""10 API Keys""]",,"[""Dashboard""]","[""Global""]","[""Discord support""]",null,,,NULL,NULL,NULL,NULL,NULL,
xdc-network-public-recent-state,XDC Network,,"[""[Website](https://xdc.org/)"",""[Docs](https://docs.xdc.network/xdcchain/developers/rpc/)""]",,Public,Pruned,RPC,EVM JSON-RPC,$0,$0,FALSE,FALSE,"[""eth"",""net"",""web3"",""txpool""]","[""Public endpoint""]",,,"[""Global""]","[""Chain ID 50"",""Official mainnet endpoint""]","https://erpc.xinfin.network",,,NULL,,NULL,,NULL,
zeeve-advance-full-archive,Zeeve,,"[""[Website](https://www.zeeve.io)"",""[Docs](https://docs.zeeve.io/archive-nodes)""]",Advance,Tiered,Archive,RPC,EVM JSON-RPC,$599/mo,,FALSE,FALSE,"[""JSON-RPC Endpoints"",""CLI/API Credentials""]","[""2B reqs/mo""]","[""Enterprise-Grade Security Enhancements"",""Third-party Integrations""]","[""Real-time Monitoring"",""Advanced Dashboards"",""24/7 Surveillance"",""Statistics Pages""]","[""EU"",""US"",""APAC""]","[""Rollups-as-a-Service (RaaS)"",""Digital Ocean"",""Fabric"",""Bring Your Own Cloud (BYOC) options""]",,,99.9%,NULL,,NULL,1Gb/s,NULL,
zeeve-advance-recent-state,Zeeve,,"[""[Website](https://www.zeeve.io)"",""[Docs](https://docs.zeeve.io/rpc-nodes)""]",Advance,Tiered,Pruned,RPC,EVM JSON-RPC,$299/mo,,FALSE,FALSE,"[""JSON-RPC Endpoints"",""CLI/API Credentials""]","[""2B reqs/mo""]","[""Enterprise-Grade Security Enhancements"",""Third-party Integrations""]","[""Real-time Monitoring"",""Advanced Dashboards"",""24/7 Surveillance"",""Statistics Pages""]","[""EU"",""US"",""APAC""]","[""Rollups-as-a-Service (RaaS)"",""Digital Ocean"",""Fabric"",""Bring Your Own Cloud (BYOC) options""]",,,99.9%,NULL,,NULL,1Gb/s,NULL,
zeeve-basic-recent-state,Zeeve,,"[""[Website](https://www.zeeve.io)"",""[Docs](https://docs.zeeve.io/rpc-nodes)""]",Basic,Tiered,Pruned,RPC,EVM JSON-RPC,$189/mo,,FALSE,FALSE,"[""JSON-RPC""]","[""250M requests/mo""]","[""Secure endpoints""]","[""Node monitoring"",""Alerts and notifications""]","[""US"",""EU"",""APAC""]","[""Premium ticketing support""]",,,99.9%,NULL,,NULL,100 Mbps,NULL,
zeeve-enterprise-full-archive,Zeeve,,"[""[Website](https://www.zeeve.io)"",""[Docs](https://docs.zeeve.io/archive-nodes)""]",Enterprise,Tiered,Archive,RPC,EVM JSON-RPC,$999/mo,,FALSE,FALSE,"[""JSON-RPC Endpoints"",""CLI/API Credentials""]","[""Custom limits""]","[""Enterprise-Grade Security Enhancements"",""Third-party Integrations""]","[""Real-time Monitoring"",""Advanced Dashboards"",""24/7 Surveillance"",""Statistics Pages""]","[""EU"",""US"",""APAC""]","[""Rollups-as-a-Service (RaaS)"",""Digital Ocean"",""Fabric"",""Bring Your Own Cloud (BYOC) options""]",,,99.99%,NULL,,NULL,3Gb/s,NULL,
zeeve-enterprise-recent-state,Zeeve,,"[""[Website](https://www.zeeve.io)"",""[Docs](https://docs.zeeve.io/rpc-nodes)""]",Enterprise,Tiered,Pruned,RPC,EVM JSON-RPC,$599/mo,,FALSE,FALSE,"[""JSON-RPC Endpoints"",""CLI/API Credentials""]","[""Custom limits""]","[""Enterprise-Grade Security Enhancements"",""Third-party Integrations""]","[""Real-time Monitoring"",""Advanced Dashboards"",""24/7 Surveillance"",""Statistics Pages""]","[""EU"",""US"",""APAC""]","[""Rollups-as-a-Service (RaaS)"",""Digital Ocean"",""Fabric"",""Bring Your Own Cloud (BYOC) options""]",,,99.99%,NULL,,NULL,3Gb/s,NULL,
zerion-builder-indexer,Zerion,,"[""[Buy](https://zerion.io/api#api-pricing)"",""[Docs](https://developers.zerion.io/reference/authentication)""]",Builder,Tiered,Archive,Indexed Data,Custom,$149/mo,,FALSE,FALSE,"[""Wallet Data API"",""Transactions API""]","[""Up to 250K reqs/mo"",""50 RPS""]","[""Real-Time Phishing Defense"",""Privacy Protection"",""Spam Management"",""Asset Verification""]","[""Multichain Portfolio Aggregation"",""Real-Time DeFi Position Monitoring"",""Interactive Historical Performance Charts"",""Transaction Tracking with Visual History""]","[""Global""]","[""Bug bounty for white-hat hackers"",""Premium Service"",""Swapping and Trading""]",null,,99.9%,NULL,NULL,NULL,NULL,NULL,
zerion-developer-indexer,Zerion,,"[""[Website](https://zerion.io/api)"",""[Docs](https://developers.zerion.io/reference/authentication)""]",Developer,Free,Archive,Indexed Data,Custom,$0,,FALSE,FALSE,"[""Wallet Data API"",""Transactions API""]","[""2K reqs/day"",""10 RPS limit""]","[""Real-Time Phishing Defense"",""Privacy Protection"",""Spam Management"",""Asset Verification""]","[""Multichain Portfolio Aggregation"",""Real-Time DeFi Position Monitoring"",""Interactive Historical Performance Charts"",""Transaction Tracking with Visual History""]","[""Global""]","[""Bug bounty for white-hat hackers"",""Premium Service"",""Swapping and Trading""]",null,,99.9%,NULL,NULL,NULL,NULL,NULL,
zerion-enterprise-indexer,Zerion,,"[""[Contact](https://zerion.io/api#api-pricing)"",""[Docs](https://developers.zerion.io/reference/authentication)""]",,Enterprise,Archive,Indexed Data,Custom,Custom,,FALSE,FALSE,"[""Wallet Data API"",""Transactions API""]","[""Up to 2.5M reqs/mo"",""Up to 1K RPS""]","[""Real-Time Phishing Defense"",""Privacy Protection"",""Spam Management"",""Asset Verification""]","[""Multichain Portfolio Aggregation"",""Real-Time DeFi Position Monitoring"",""Interactive Historical Performance Charts"",""Transaction Tracking with Visual History""]","[""Global""]","[""Bug bounty for white-hat hackers"",""Premium Service"",""Swapping and Trading""]",null,,99.9%,NULL,NULL,NULL,NULL,NULL,
zerion-growth-indexer,Zerion,,"[""[Buy](https://zerion.io/api#api-pricing)"",""[Docs](https://developers.zerion.io/reference/authentication)""]",Growth,Tiered,Archive,Indexed Data,Custom,$999/mo,,FALSE,FALSE,"[""Wallet Data API"",""Transactions API""]","[""Up to 2.5M reqs/mo"",""300 RPS""]","[""Real-Time Phishing Defense"",""Privacy Protection"",""Spam Management"",""Asset Verification""]","[""Multichain Portfolio Aggregation"",""Real-Time DeFi Position Monitoring"",""Interactive Historical Performance Charts"",""Transaction Tracking with Visual History""]","[""Global""]","[""Bug bounty for white-hat hackers"",""Premium Service"",""Swapping and Trading""]",null,,99.9%,NULL,NULL,NULL,NULL,NULL,
zerion-startup-indexer,Zerion,,"[""[Buy](https://zerion.io/api#api-pricing)"",""[Docs](https://developers.zerion.io/reference/authentication)""]",Startup,Tiered,Archive,Indexed Data,Custom,$499/mo,,FALSE,FALSE,"[""Wallet Data API"",""Transactions API""]","[""Up to 1M reqs/mo"",""150 RPS""]","[""Real-Time Phishing Defense"",""Privacy Protection"",""Spam Management"",""Asset Verification""]","[""Multichain Portfolio Aggregation"",""Real-Time DeFi Position Monitoring"",""Interactive Historical Performance Charts"",""Transaction Tracking with Visual History""]","[""Global""]","[""Bug bounty for white-hat hackers"",""Premium Service"",""Swapping and Trading""]",null,,99.9%,NULL,NULL,NULL,NULL,NULL,
